word,lemma,rank,duplicate
del,,33,False
al,,34,False
como,comer,36,True
esta,,42,False
fue,ir,70,True
casa,,94,False
siento,sentar,113,True
cosas,coser,134,False
trabajo,,151,False
hecho,,161,False
espera,,177,False
fuera,,185,False
fuera,ir,186,True
fuera,ser,187,True
cosa,coser,189,False
estado,,197,False
acuerdo,acordar,199,True
buena,,207,False
ven,venir,218,True
ve,ir,242,True
tarde,tardar,244,False
parte,,247,False
esos,eso,265,False
muerto,,272,False
unos,un,274,True
chica,,286,False
algún,,293,False
cuidado,,296,False
cuenta,,309,False
pasado,,314,False
dicho,,325,False
nueva,,327,False
camino,,334,False
ayuda,,336,False
primera,,339,False
esposa,,356,False
vale,,376,False
caso,casar,382,True
cerca,cercar,401,False
habla,,408,False
bajo,,417,False
llama,,419,False
haya,,445,False
equipo,,456,False
juego,,459,False
amo,,465,False
unas,un,473,True
comida,,481,False
vuelta,,487,False
pregunta,,495,False
fui,ser,498,True
fueron,ser,519,True
paso,,522,False
vivo,,527,False
arma,,537,False
vino,,540,False
lista,,556,False
armas,armar,560,True
culpa,,580,False
veras,,582,False
recuerdo,,597,False
sentido,,614,False
ésta,,626,False
trato,,631,False
acerca,,640,False
cambio,,643,False
falta,,645,False
gusto,,651,False
extraño,,658,False
peor,bien,663,True
querida,,675,False
querida,querido,676,False
calle,,683,False
odio,,693,False
hablas,habla,698,False
mala,,703,False
frente,,712,False
asesino,,717,False
sueño,,719,False
viaje,,724,False
lamento,,730,False
fuerza,,735,False
llamado,,737,False
oído,,739,False
dado,,741,False
preguntas,preguntar,748,True
sientes,sentar,760,True
haz,,763,False
baño,,767,False
daño,,772,False
querido,,778,False
duro,,780,False
prueba,,783,False
tonto,,786,False
campo,,787,False
ejército,,801,False
futuro,,802,False
llevar,,803,False
compañía,,804,False
sitio,,808,False
puesto,,810,False
puesto,poner,811,True
atención,,812,False
sino,,813,False
cambiar,,814,False
error,,815,False
blanco,,816,False
raro,,817,False
sal,,820,False
sal,salir,821,True
mente,,823,False
sistema,,824,False
película,,825,False
ello,,827,False
negocio,,828,False
negocio,negociar,829,True
novia,,830,False
permiso,,831,False
oficial,,835,False
aire,,837,False
regresar,,839,False
trasero,,842,False
grupo,,843,False
señorita,,845,False
música,,846,False
perra,,847,False
empezar,,849,False
siente,sentar,851,True
estúpido,,853,False
diferente,,854,False
traje,,856,False
modo,,857,False
mensaje,,859,False
llamada,,860,False
llamada,llamar,861,True
navidad,,862,False
pena,,864,False
pena,penar,865,False
largo,,866,False
largo,largar,867,True
piso,,869,False
piso,pisar,870,False
foto,,871,False
médico,,873,False
accidente,,874,False
fuiste,ser,876,True
imposible,,877,False
línea,,879,False
barco,,881,False
ganar,,882,False
normal,,883,False
mitad,,886,False
tras,,888,False
lindo,,890,False
programa,,892,False
pagar,,896,False
centro,,898,False
centro,centrar,899,False
ataque,,910,False
derecha,,920,False
izquierda,,921,False
pobre,,923,False
vista,,933,False
salvo,,935,False
pelo,,943,False
llamas,llama,961,False
baja,bajo,964,False
baja,,965,False
divertido,,970,False
vuelto,,973,False
peligro,,975,False
disculpa,,980,False
negocios,negociar,985,True
regreso,,991,False
media,,993,False
oro,,997,False
esposo,,1002,False
esposo,esposar,1003,True
norte,,1004,False
muerta,morir,1008,True
interesante,,1009,False
busca,,1012,False
terminar,,1013,False
completamente,,1015,False
cita,,1016,False
cita,citar,1017,False
siete,,1018,False
cumpleaños,,1019,False
abogado,,1020,False
alrededor,,1021,False
cerebro,,1022,False
porqué,,1023,False
llave,,1024,False
santo,,1025,False
hermoso,,1026,False
necesario,,1027,False
edificio,,1028,False
aun,,1030,False
ley,,1036,False
verdadero,,1038,False
pelea,,1039,False
pelea,pelear,1040,True
banco,,1041,False
terrible,,1042,False
calma,,1043,False
calma,calmar,1044,True
cena,,1045,False
cena,cenar,1046,True
gobierno,,1048,False
comprar,,1049,False
creen,crear,1051,True
sargento,,1052,False
destino,,1053,False
novio,,1056,False
sala,,1057,False
través,,1058,False
regalo,,1059,False
regalo,regalar,1060,False
iglesia,,1061,False
cualquiera,,1063,False
excelente,,1064,False
deseo,,1066,False
deseo,desear,1067,True
alma,,1068,False
diablo,,1069,False
cuántos,,1071,False
espada,,1072,False
carne,,1074,False
maravilloso,,1075,False
peligroso,,1079,False
dirección,,1080,False
libertad,,1081,False
detective,,1087,False
sorpresa,,1088,False
club,,1091,False
infierno,,1093,False
luna,,1095,False
salvar,,1096,False
carta,,1097,False
teniente,,1100,False
ambos,,1106,False
ambos,ambo,1107,False
decisión,,1108,False
enemigo,,1109,False
dulce,,1111,False
pruebas,probar,1113,True
abuelo,,1115,False
totalmente,,1116,False
carrera,,1119,False
vuelo,,1120,False
vuelo,volar,1121,True
ante,,1122,False
bienvenido,,1123,False
contacto,,1127,False
contacto,contactar,1128,False
posición,,1129,False
planeta,,1131,False
coronel,,1133,False
junto,,1134,False
junto,juntar,1135,False
base,,1138,False
base,basar,1139,False
oír,,1140,False
suelo,,1141,False
suelo,soler,1142,False
pelear,,1143,False
pistola,,1145,False
frío,,1146,False
frío,freír,1147,False
comandante,,1148,False
partes,partir,1150,True
sur,,1153,False
rato,,1155,False
mar,,1156,False
espacio,,1157,False
asesinato,,1158,False
ventana,,1159,False
prisa,,1160,False
tienda,,1161,False
tienda,tender,1162,False
cámara,,1163,False
según,,1165,False
broma,,1166,False
reunión,,1167,False
sacar,,1169,False
papel,,1172,False
locura,,1173,False
departamento,,1174,False
horrible,,1175,False
enfermo,,1176,False
cárcel,,1178,False
intento,,1180,False
intento,intentar,1181,True
isla,,1182,False
salida,,1183,False
salida,salir,1184,True
gato,,1188,False
crimen,,1193,False
causa,,1195,False
causa,causar,1196,True
bar,,1197,False
ocho,,1199,False
temprano,,1200,False
río,,1201,False
río,reír,1202,True
relación,,1203,False
ojalá,,1207,False
radio,,1212,False
excepto,,1215,False
brazo,,1216,False
rojo,,1218,False
conocido,,1219,False
conocido,conocer,1220,True
universidad,,1221,False
investigación,,1222,False
batalla,,1223,False
cargo,,1225,False
cargo,cargar,1226,True
hogar,,1227,False
ninguno,,1228,False
respeto,,1232,False
respeto,respetar,1233,False
estación,,1234,False
corte,,1235,False
corte,cortar,1236,True
paciente,,1237,False
encuentro,,1238,False
encuentro,encontrar,1239,True
energía,,1240,False
dejado,,1241,False
dejado,dejar,1242,True
baile,,1243,False
abuela,,1244,False
caliente,,1245,False
simple,,1250,False
bailar,,1251,False
papa,,1252,False
triste,,1253,False
zona,,1254,False
guardia,,1256,False
canción,,1257,False
salud,,1258,False
escuchar,,1259,False
parar,,1260,False
cenar,,1262,False
caballo,,1264,False
volar,,1268,False
principio,,1269,False
nivel,,1270,False
conocer,,1272,False
finalmente,,1273,False
alegro,,1275,False
debajo,,1276,False
bosque,,1278,False
bolsa,,1280,False
taxi,,1282,False
ocupado,,1283,False
ocupado,ocupar,1284,False
amable,,1285,False
acaso,,1286,False
imbécil,,1288,False
san,,1289,False
san,San,1290,False
equivocado,,1291,False
obra,,1294,False
obra,obrar,1295,False
consejo,,1296,False
público,,1297,False
azul,,1300,False
prisión,,1302,False
mirar,,1303,False
inteligente,,1304,False
fantástico,,1306,False
próximo,,1307,False
ojo,,1309,False
entrada,,1313,False
entrada,entrar,1314,True
duda,,1315,False
duda,dudar,1316,True
cerveza,,1317,False
unidos,unir,1319,False
matado,,1320,False
matado,matar,1321,True
princesa,,1322,False
entender,,1324,False
quedar,,1326,False
compañero,,1329,False
espalda,,1331,False
bomba,,1333,False
apenas,,1335,False
leer,,1336,False
papi,,1339,False
mantener,,1340,False
suyo,,1341,False
rico,,1342,False
acción,,1348,False
hayas,haya,1350,False
mando,,1352,False
mando,mandar,1353,True
formas,formar,1357,True
uh,,1358,False
puente,,1361,False
memoria,,1362,False
vestido,,1366,False
vestido,vestir,1367,False
camión,,1370,False
acabar,,1371,False
robot,,1372,False
montón,,1374,False
máquina,,1376,False
podamos,podar,1379,False
trago,,1381,False
trago,tragar,1382,False
mayoría,,1383,False
reina,,1384,False
reina,reinar,1385,False
lleno,,1386,False
lleno,llenar,1387,True
inglés,,1388,False
don,,1389,False
soldado,,1390,False
soldado,soldar,1391,False
estrella,,1392,False
estrella,estrellar,1393,False
valor,,1395,False
delante,,1397,False
código,,1398,False
héroe,,1399,False
fe,,1400,False
capaz,,1401,False
beber,,1403,False
velocidad,,1404,False
partido,,1407,False
partido,partir,1408,True
opinión,,1411,False
cocina,,1413,False
cocina,cocinar,1414,True
abrir,,1415,False
escribir,,1420,False
golpe,,1421,False
alta,,1423,False
estados,estar,1425,True
tocar,,1426,False
ganas,ganar,1430,True
ejemplo,,1434,False
contar,,1435,False
propósito,,1437,False
anillo,,1440,False
pedir,,1443,False
estilo,,1444,False
pista,,1446,False
cambiado,,1448,False
escapar,,1449,False
espíritu,,1452,False
nota,,1455,False
nota,notar,1456,False
diferencia,,1457,False
tratar,,1458,False
precio,,1459,False
caballero,,1460,False
doble,,1463,False
agradable,,1464,False
embargo,,1465,False
mami,,1470,False
emergencia,,1471,False
cuello,,1472,False
boda,,1473,False
aprender,,1474,False
té,,1475,False
informe,,1476,False
informe,informar,1477,False
blanca,Blanca,1479,False
experiencia,,1480,False
mentira,,1483,False
director,,1484,False
exacto,,1486,False
defensa,,1488,False
confiar,,1490,False
color,,1491,False
aquel,,1493,False
probar,,1495,False
príncipe,,1496,False
despacio,,1498,False
tiro,,1499,False
tiro,tirar,1500,True
fondo,,1503,False
verde,,1504,False
mama,,1506,False
bienvenida,,1507,False
opción,,1508,False
operación,,1509,False
traer,,1511,False
principal,,1512,False
demonio,,1513,False
respecto,,1516,False
especie,,1518,False
éxito,,1520,False
cabrón,,1521,False
unidad,,1524,False
hielo,,1525,False
matrimonio,,1530,False
piel,,1533,False
mio,,1537,False
fuimos,ser,1545,True
arte,,1546,False
común,,1549,False
correr,,1553,False
brillante,,1554,False
calor,,1555,False
visita,,1558,False
presión,,1559,False
pared,,1560,False
esperanza,,1561,False
completo,,1562,False
completo,completar,1563,False
subir,,1564,False
cansado,,1566,False
recordar,,1568,False
trampa,,1569,False
monstruo,,1570,False
bajar,,1571,False
pierna,,1572,False
grandioso,,1577,False
socio,,1578,False
herido,,1580,False
fuerzas,forzar,1583,True
cine,,1584,False
escena,,1585,False
tía,,1586,False
larga,largar,1593,True
tema,,1595,False
tema,temer,1596,True
preparado,,1597,False
preparado,preparar,1598,True
oeste,,1607,False
viento,,1609,False
asiento,,1612,False
estupendo,,1613,False
caminar,,1614,False
juicio,,1615,False
carga,,1617,False
carga,cargar,1618,True
banda,,1620,False
animal,,1622,False
tarjeta,,1626,False
nueve,,1629,False
seguramente,,1630,False
majestad,,1632,False
llena,llenar,1634,True
caer,,1635,False
aeropuerto,,1636,False
enorme,,1640,False
área,,1641,False
ridículo,,1645,False
reloj,,1646,False
mapa,,1649,False
culpable,,1650,False
cuentas,contar,1652,True
pareja,,1653,False
laboratorio,,1655,False
beso,,1656,False
beso,besar,1657,True
nariz,,1660,False
cuestión,,1661,False
verano,,1666,False
peso,,1668,False
peso,pesar,1669,False
oscuridad,,1670,False
cliente,,1672,False
televisión,,1674,False
prensa,,1676,False
vistazo,,1677,False
inmediatamente,,1678,False
solamente,,1679,False
gordo,,1680,False
posibilidad,,1682,False
medicina,,1683,False
parecer,,1691,False
definitivamente,,1693,False
cinta,,1694,False
riesgo,,1698,False
cuento,,1701,False
cuento,contar,1702,True
noticia,,1703,False
objetivo,,1708,False
pasada,,1709,False
pasada,pasado,1710,False
pasada,pasar,1711,True
arreglar,,1712,False
casado,,1713,False
casado,casar,1714,True
bote,,1715,False
bote,botar,1716,False
millón,,1719,False
árbol,,1720,False
proyecto,,1722,False
nervioso,,1723,False
lana,,1724,False
pedazo,,1726,False
malas,mala,1728,False
joder,,1729,False
absolutamente,,1731,False
evitar,,1732,False
bala,,1734,False
vosotros,,1735,False
debido,,1737,False
debido,deber,1738,True
confianza,,1739,False
especialmente,,1740,False
paga,,1743,False
paga,pagar,1744,True
ganado,,1745,False
ganado,ganar,1746,True
ama,,1747,False
ama,amar,1748,True
limpio,,1749,False
limpio,limpiar,1750,True
comenzar,,1751,False
ruido,,1755,False
belleza,,1757,False
líder,,1762,False
preguntar,,1763,False
inocente,,1764,False
lástima,,1765,False
red,,1766,False
enfermedad,,1767,False
desgraciado,,1768,False
desgraciado,desgraciar,1769,False
central,,1773,False
marcha,,1778,False
marcha,marchar,1779,False
justicia,,1782,False
proteger,,1785,False
cabello,,1786,False
pedido,,1788,False
oscuro,,1789,False
embarazada,embarazar,1791,False
costa,,1792,False
dama,,1793,False
alguno,,1794,False
orgulloso,,1795,False
vos,,1796,False
gana,,1800,False
gana,ganar,1801,True
cura,,1802,False
cura,curar,1803,True
lengua,,1804,False
araña,,1805,False
araña,arañar,1806,False
voluntad,,1808,False
total,,1809,False
dedo,,1810,False
pago,,1811,False
pago,pagar,1812,True
partir,,1814,False
lucha,,1815,False
lucha,luchar,1816,True
leche,,1817,False
copa,,1819,False
destruir,,1822,False
acceso,,1827,False
intentar,,1828,False
desastre,,1830,False
deber,,1831,False
herida,,1832,False
herida,herido,1833,False
herida,herir,1834,False
débil,,1835,False
naturaleza,,1836,False
luchar,,1837,False
extraña,extrañar,1839,True
imagen,,1843,False
pan,,1844,False
varios,,1847,False
show,,1848,False
auxilio,,1849,False
sentado,,1853,False
responsable,,1855,False
olvidado,,1856,False
olvidado,olvidar,1857,True
aquella,,1860,False
sonido,,1862,False
escrito,escribir,1864,True
carro,,1865,False
muestra,,1867,False
muestra,mostrar,1868,True
bastardo,,1869,False
restaurante,,1870,False
fantasma,,1872,False
profesional,,1874,False
amas,amar,1876,True
entero,,1877,False
cerrado,,1879,False
cerrado,cerrar,1880,True
dueño,,1883,False
cuchillo,,1884,False
turno,,1885,False
tormenta,,1886,False
caray,,1887,False
abierto,,1888,False
abierto,abrir,1889,True
playa,,1894,False
km,,1895,False
victoria,,1896,False
primo,,1897,False
lisa,Lisa,1900,False
interior,,1901,False
hechos,hacer,1903,True
piedra,,1904,False
jodido,,1905,False
jodido,joder,1906,True
militar,,1907,False
computadora,,1908,False
silla,,1911,False
movimiento,,1912,False
familiar,,1914,False
apartamento,,1915,False
disparar,,1916,False
tesoro,,1917,False
motivo,,1920,False
querer,,1924,False
valiente,,1926,False
víctima,,1927,False
encantado,,1931,False
encantado,encantar,1932,True
diario,,1933,False
autobús,,1936,False
casas,casar,1939,True
descanso,,1942,False
descanso,descansar,1943,True
sheriff,,1944,False
quieto,,1947,False
calles,callar,1950,True
tamaño,,1951,False
colegio,,1952,False
cabo,,1954,False
video,,1955,False
toques,tocar,1957,True
pelota,,1958,False
directo,,1960,False
sombrero,,1963,False
estudio,,1965,False
estudio,estudiar,1966,False
grave,,1967,False
protección,,1968,False
pecho,,1971,False
cuesta,,1974,False
cuesta,costar,1975,True
estrellas,estrellar,1978,False
lago,,1979,False
obviamente,,1981,False
inmediato,,1982,False
robo,,1985,False
robo,robar,1986,True
apoyo,,1989,False
apoyo,apoyar,1990,False
cerrar,,1991,False
amenaza,,1993,False
amenaza,amenazar,1994,False
toque,,1995,False
toque,tocar,1996,True
viernes,,1998,False
roto,,2000,False
roto,romper,2001,True
piloto,,2002,False
marca,,2003,False
marca,marcar,2004,False
combate,,2005,False
combate,combatir,2006,False
manejar,,2008,False
sección,,2009,False
profundo,,2010,False
serie,,2013,False
contrato,,2014,False
contrato,contratar,2015,True
americano,,2016,False
paseo,,2017,False
paseo,pasear,2018,True
repente,,2021,False
uso,,2025,False
uso,usar,2026,True
detener,,2028,False
decidido,,2032,False
decidido,decidir,2033,True
distancia,,2035,False
averiguar,,2038,False
actuar,,2039,False
pulso,,2041,False
pulso,pulsar,2042,False
preocupado,,2048,False
preocupado,preocupar,2049,True
elección,,2050,False
sobrevivir,,2051,False
bordo,,2052,False
sujeto,,2053,False
época,,2056,False
pesar,,2058,False
vender,,2060,False
ex,,2062,False
gratis,,2063,False
empleo,,2065,False
empleo,emplear,2066,False
cerdo,,2069,False
contento,,2076,False
tumba,,2078,False
tumba,tumbar,2079,False
absoluto,,2082,False
dura,durar,2085,True
descansar,,2086,False
propiedad,,2088,False
castillo,,2091,False
china,China,2093,False
torre,,2095,False
robar,,2096,False
botella,,2099,False
aquellos,,2100,False
últimamente,,2101,False
testigo,,2102,False
periódico,,2104,False
juez,,2105,False
necesitar,,2109,False
esquina,,2110,False
llamadas,llamar,2113,True
fuente,,2114,False
techo,,2116,False
techo,techar,2117,False
genio,,2118,False
alerta,,2119,False
tomas,tomar,2122,True
olvidar,,2123,False
menor,,2124,False
droga,,2125,False
explicar,,2126,False
abierta,abierto,2127,False
privado,,2129,False
privado,privar,2130,False
nacional,,2132,False
discutir,,2134,False
evidencia,,2135,False
tardes,tardar,2138,False
presente,,2140,False
presente,presentar,2141,True
criminal,,2142,False
premio,,2143,False
recibir,,2147,False
enamorado,,2153,False
enamorado,enamorar,2154,False
cuidar,,2155,False
natural,,2158,False
enfermera,,2161,False
ángel,,2162,False
sospechoso,,2163,False
local,,2164,False
camisa,,2166,False
aceptar,,2168,False
venganza,,2169,False
parque,,2172,False
menudo,,2177,False
barrio,,2179,False
virus,,2180,False
talento,,2181,False
ministro,,2182,False
responsabilidad,,2187,False
desayuno,,2191,False
desayuno,desayunar,2192,True
campeón,,2193,False
controlar,,2194,False
maría,,2196,False
nieve,,2197,False
vergüenza,,2200,False
doctora,,2201,False
fumar,,2203,False
Europa,,2205,False
pastel,,2207,False
fueras,ir,2215,True
asustado,,2216,False
asustado,asustar,2217,True
reino,,2219,False
reino,reinar,2220,False
clave,,2221,False
efecto,,2224,False
plata,,2225,False
universo,,2228,False
política,,2229,False
almuerzo,,2230,False
almuerzo,almorzar,2231,True
magia,,2232,False
lluvia,,2233,False
humor,,2234,False
respirar,,2238,False
cantar,,2239,False
disparo,,2241,False
conversación,,2242,False
olor,,2243,False
muchacha,,2245,False
modelo,,2246,False
curso,,2247,False
canal,,2248,False
rock,,2249,False
llorar,,2250,False
borracho,,2251,False
resultado,,2255,False
resultado,resultar,2256,True
parado,,2257,False
parado,parar,2258,True
mirada,,2260,False
mirada,mirar,2261,True
inútil,,2262,False
ciencia,,2264,False
sociedad,,2266,False
camioneta,,2268,False
coño,,2269,False
revista,,2270,False
montaña,,2272,False
máximo,,2275,False
echar,,2276,False
corriente,,2277,False
disculpas,disculpar,2280,True
cadáver,,2281,False
ron,,2283,False
ron,Ron,2284,False
espectáculo,,2285,False
mundial,,2286,False
aspecto,,2289,False
presencia,,2290,False
famoso,,2291,False
corto,,2292,False
corto,cortar,2293,True
poderoso,,2295,False
carretera,,2298,False
cable,,2303,False
rosa,,2304,False
bola,,2305,False
oferta,,2306,False
continuar,,2309,False
ladrón,,2310,False
humanidad,,2311,False
estómago,,2312,False
mercado,,2316,False
granja,,2317,False
estudiante,,2320,False
siglo,,2321,False
nosotras,,2324,False
miembro,,2325,False
fortuna,,2326,False
esperas,esperar,2330,True
suficientemente,,2331,False
andar,,2334,False
perfectamente,,2335,False
jardín,,2337,False
cola,,2338,False
cola,colar,2339,False
francés,,2341,False
entrenamiento,,2344,False
azúcar,,2345,False
coger,,2349,False
lunes,,2350,False
ey,,2351,False
intención,,2352,False
efectivo,,2354,False
helicóptero,,2358,False
encantador,,2360,False
original,,2361,False
cadena,,2362,False
tarea,,2363,False
corta,cortar,2366,True
cirugía,,2368,False
precioso,,2371,False
lord,,2372,False
truco,,2374,False
inspector,,2375,False
enojado,,2376,False
enojado,enojar,2377,False
desaparecido,,2379,False
desaparecido,desaparecer,2380,True
acto,,2381,False
pollo,,2382,False
chocolate,,2383,False
adonde,,2384,False
gas,,2387,False
examen,,2388,False
apuesta,,2392,False
apuesta,apostar,2393,True
directamente,,2394,False
recuperar,,2395,False
cobarde,,2398,False
cantidad,,2399,False
sucio,,2400,False
emperador,,2402,False
mono,,2403,False
gloria,,2406,False
contrario,,2407,False
socorro,,2408,False
socorro,socorrer,2409,False
sir,,2410,False
nuevamente,,2413,False
obtener,,2415,False
búsqueda,,2417,False
helado,,2418,False
helado,helar,2419,False
fútbol,,2420,False
sexual,,2421,False
polvo,,2422,False
rostro,,2424,False
robado,,2426,False
empresa,,2428,False
interés,,2432,False
firma,,2436,False
firma,firmar,2437,False
senador,,2442,False
gracia,,2444,False
cien,,2445,False
tratado,,2447,False
tratado,tratar,2448,True
muñeca,,2454,False
firme,,2455,False
firme,firmar,2456,False
ambulancia,,2458,False
limpia,limpiar,2460,True
flota,,2462,False
flota,flotar,2463,False
leyenda,,2464,False
fué,ser,2467,True
romper,,2468,False
rescate,,2471,False
rescate,rescatar,2472,False
enfrente,,2474,False
comienzo,,2475,False
comienzo,comenzar,2476,True
queso,,2478,False
favorito,,2479,False
frontera,,2481,False
colega,,2483,False
jueves,,2484,False
sábado,,2486,False
limpiar,,2487,False
puto,,2488,False
inteligencia,,2493,False
funcionar,,2494,False
criatura,,2497,False
milagro,,2498,False
deprisa,,2499,False
campamento,,2501,False
recoger,,2507,False
compras,comprar,2510,True
cansada,cansar,2512,True
elegir,,2513,False
cáncer,,2514,False
pata,,2516,False
huir,,2517,False
útil,,2518,False
atacar,,2520,False
recién,,2521,False
guapo,,2523,False
alcance,,2524,False
alcance,alcanzar,2525,True
desierto,,2530,False
licencia,,2531,False
proceso,,2533,False
proceso,procesar,2534,False
tensión,,2537,False
martes,,2538,False
cartera,,2540,False
tráfico,,2541,False
impresionante,,2543,False
domingo,,2550,False
crear,,2551,False
pérdida,,2553,False
extra,,2554,False
fuese,ir,2556,True
análisis,,2559,False
fría,freír,2562,False
violencia,,2563,False
mate,,2565,False
lobo,,2566,False
discurso,,2567,False
actor,,2568,False
orgullo,,2569,False
libras,librar,2572,False
agencia,,2574,False
necesidad,,2576,False
descubrir,,2578,False
tira,,2579,False
tira,tirar,2580,True
resolver,,2581,False
celular,,2587,False
meter,,2591,False
equivocada,equivocar,2596,True
vacío,,2598,False
salón,,2600,False
motor,,2601,False
conducir,,2602,False
cerrada,cerrar,2607,True
cortar,,2608,False
bravo,,2613,False
promesa,,2615,False
espejo,,2616,False
sienta,sentir,2619,True
cero,,2621,False
cheque,,2625,False
antiguo,,2627,False
pesadilla,,2629,False
entrenador,,2633,False
paciencia,,2635,False
complicado,,2638,False
complicado,complicar,2639,False
superior,,2640,False
temporada,,2645,False
suelta,soltar,2647,True
feo,,2650,False
dispuesto,,2651,False
dispuesto,disponer,2652,False
teoría,,2654,False
salvaje,,2655,False
negativo,,2656,False
tripulación,,2659,False
taza,,2660,False
perdida,perder,2662,True
parecido,,2666,False
parecido,parecer,2667,True
gay,,2669,False
parada,,2672,False
parada,parar,2673,True
normalmente,,2677,False
muchísimo,,2678,False
muchísimo,mucho,2679,True
bruja,,2680,False
funeral,,2685,False
teatro,,2687,False
medianoche,,2688,False
biblioteca,,2689,False
túnel,,2691,False
encargo,,2692,False
encargo,encargar,2693,True
fueran,ir,2698,True
correo,,2700,False
vuestro,,2701,False
piscina,,2702,False
paquete,,2703,False
copia,,2704,False
copia,copiar,2705,False
suicidio,,2706,False
crédito,,2707,False
legal,,2711,False
ganador,,2716,False
despierto,,2718,False
despierto,despertar,2719,True
invitado,,2721,False
invitado,invitar,2722,True
guía,,2723,False
oso,,2724,False
oso,osar,2725,False
explosión,,2727,False
nación,,2732,False
arena,,2734,False
mentiroso,,2735,False
asesinado,,2739,False
asesinado,asesinar,2740,True
vehículo,,2743,False
rata,,2744,False
importancia,,2745,False
distinto,,2746,False
pintura,,2747,False
conciencia,,2749,False
revisar,,2753,False
veinte,,2754,False
disco,,2757,False
disco,discar,2758,False
transporte,,2759,False
transporte,transportar,2760,False
mina,,2761,False
señoría,,2763,False
doce,,2765,False
pasillo,,2767,False
tele,,2768,False
tele,televisión,2769,False
completa,completar,2772,False
precisamente,,2774,False
cumplir,,2776,False
pescado,,2783,False
pescado,pescar,2784,False
compra,,2787,False
compra,comprar,2788,True
templo,,2790,False
placa,,2791,False
ira,,2793,False
atrapar,,2801,False
temperatura,,2802,False
explicación,,2803,False
enviado,,2804,False
enviado,enviar,2805,True
contado,contar,2807,True
notas,notar,2812,False
comido,comer,2823,True
misterio,,2836,False
aviso,avisar,2839,False
esfuerzo,esforzar,2850,False
esposas,esposa,2856,False
coma,comer,2858,True
abra,,2860,False
sientas,sentar,2863,True
heridas,herir,2867,False
saco,sacar,2869,True
mia,Mia,2882,False
rápidamente,,2885,False
registro,registrar,2891,False
pene,,2906,False
ocupada,ocupar,2916,False
conseguido,conseguir,2929,True
entrega,entregar,2937,True
atrapado,atrapar,2944,True
aburrido,aburrir,2946,False
planta,plantar,2952,False
marina,,2959,False
alarma,alarmar,2962,False
recompensa,recompensar,2966,False
invitados,invitar,2995,True
vigilancia,,2999,False
altura,,3001,False
preparados,preparar,3004,True
mover,,3006,False
jugador,,3007,False
izquierdo,,3008,False
tecnología,,3009,False
raza,,3010,False
conde,,3012,False
social,,3013,False
gobernador,,3014,False
cubierta,cubierto,3016,False
cubierta,cubrir,3017,True
chiste,,3018,False
chiste,chistar,3019,False
celda,,3020,False
personalmente,,3023,False
amistad,,3024,False
interesado,,3027,False
interesado,interesar,3028,False
educación,,3030,False
curiosidad,,3031,False
pecado,,3034,False
pecado,pecar,3035,False
mortal,,3036,False
manda,,3038,False
claramente,,3039,False
vía,,3040,False
juntas,juntar,3042,False
identificación,,3043,False
declaración,,3045,False
alemán,,3046,False
bestia,,3049,False
veneno,,3050,False
jurado,,3057,False
jurado,jurar,3058,True
metas,meter,3062,True
garganta,,3063,False
invierno,,3064,False
fila,,3065,False
miel,,3066,False
sucedido,,3068,False
sucedido,suceder,3069,True
madera,,3071,False
burro,,3072,False
artista,,3073,False
impresión,,3075,False
cruzar,,3077,False
ó,,3079,False
grial,,3081,False
chaqueta,,3082,False
alcalde,,3083,False
vueltas,volver,3085,True
usado,,3087,False
reputación,,3088,False
oxígeno,,3090,False
preocupada,preocupar,3093,True
experto,,3098,False
océano,,3099,False
maestra,,3100,False
maestra,maestro,3101,False
pieza,,3102,False
alcohol,,3105,False
pizza,,3108,False
junta,,3110,False
junta,juntar,3111,False
actitud,,3114,False
gira,,3115,False
gira,girar,3116,False
cristal,,3117,False
caído,,3120,False
caído,caer,3121,True
sensación,,3123,False
seguido,,3124,False
seguido,seguir,3125,True
puro,,3126,False
whisky,,3127,False
pantalla,,3129,False
bebida,,3130,False
bebida,beber,3131,True
estudiar,,3132,False
ducha,,3133,False
ducha,duchar,3134,False
despedido,,3135,False
despedido,despedir,3136,False
artículo,,3141,False
aparentemente,,3142,False
trauma,,3144,False
contenta,contentar,3149,False
ambiente,,3150,False
hallar,,3157,False
dudas,dudar,3159,True
ritmo,,3164,False
palacio,,3168,False
venta,,3170,False
urgente,,3171,False
cuerda,,3174,False
cuerda,cuerdo,3175,False
instante,,3178,False
saltar,,3182,False
molesto,,3185,False
molesto,molestar,3186,True
colina,,3187,False
porquería,,3188,False
sienten,sentar,3190,True
moto,,3195,False
habilidad,,3197,False
descubierto,,3199,False
descubierto,descubrir,3200,True
convertido,,3201,False
convertido,convertir,3202,True
sufrir,,3208,False
mental,,3209,False
lograr,,3210,False
instituto,,3211,False
plato,,3214,False
ilegal,,3224,False
fresco,,3225,False
falso,,3226,False
cuán,,3230,False
botas,botar,3233,False
grado,,3235,False
cruz,,3239,False
campaña,,3240,False
asustada,asustar,3242,True
frecuencia,,3246,False
pasión,,3253,False
comportamiento,,3255,False
conocimiento,,3257,False
fiscal,,3259,False
amanecer,,3263,False
aldea,,3265,False
abandonar,,3266,False
obvio,,3267,False
abandonado,,3270,False
abandonado,abandonar,3271,True
lanzamiento,,3275,False
roca,,3278,False
maravilla,,3280,False
espacial,,3281,False
conductor,,3282,False
camarada,,3283,False
caramba,,3285,False
sopa,,3286,False
gritar,,3288,False
casino,,3290,False
alteza,,3291,False
identidad,,3292,False
guardar,,3294,False
arresto,,3297,False
arresto,arrestar,3298,False
éstas,este,3300,True
éstos,este,3303,True
probable,,3304,False
firmar,,3307,False
federal,,3308,False
expediente,,3312,False
tigre,,3313,False
harto,,3315,False
harto,hartar,3316,False
decidir,,3317,False
lento,,3320,False
hecha,hacer,3322,True
cruel,,3327,False
gigante,,3329,False
escalera,,3331,False
incidente,,3332,False
escenario,,3333,False
casar,,3336,False
biblia,,3338,False
reporte,,3339,False
moda,,3340,False
casada,casar,3342,True
reacción,,3343,False
falla,,3344,False
falla,fallar,3345,False
castigo,,3346,False
castigo,castigar,3347,False
fácilmente,,3348,False
caza,,3349,False
caza,cazar,3350,True
magnífico,,3351,False
superficie,,3354,False
procedimiento,,3355,False
condición,,3356,False
asalto,,3357,False
asalto,asaltar,3358,False
virgen,,3359,False
quitar,,3362,False
noble,,3364,False
hierba,,3365,False
excelencia,,3366,False
asco,,3367,False
título,,3368,False
ejercicio,,3370,False
pasaporte,,3371,False
ciento,,3373,False
afortunado,,3374,False
sacerdote,,3377,False
impuestos,imponer,3380,False
crisis,,3381,False
aventura,,3382,False
puestos,poner,3384,True
pánico,,3385,False
página,,3392,False
metro,,3393,False
mostrar,,3396,False
ventaja,,3398,False
enamorada,enamorar,3400,False
pesado,,3405,False
pesado,pesar,3406,False
despertar,,3407,False
treinta,,3411,False
capacidad,,3413,False
soportar,,3414,False
senado,,3415,False
aquello,,3419,False
aguantar,,3420,False
alegría,,3424,False
territorio,,3425,False
física,,3426,False
física,físico,3427,True
escape,,3428,False
escape,escapar,3429,True
excusa,,3431,False
excusa,excusar,3432,False
septiembre,,3434,False
personaje,,3435,False
fábrica,,3436,False
elegido,,3437,False
elegido,elegir,3438,True
cole,,3439,False
tanque,,3441,False
conferencia,,3444,False
compromiso,,3445,False
exterior,,3451,False
punta,,3452,False
puerto,,3455,False
caro,,3457,False
asombroso,,3458,False
maleta,,3461,False
competencia,,3462,False
cinturón,,3464,False
marco,,3466,False
marco,marcar,3467,False
destrucción,,3468,False
paraíso,,3469,False
meta,,3470,False
meta,meter,3471,True
alternativa,,3472,False
alternativa,alternativo,3473,False
ocasión,,3476,False
salsa,,3478,False
romano,,3479,False
comercial,,3483,False
primavera,,3484,False
mandar,,3487,False
sagrado,,3489,False
nacido,,3490,False
nacido,nacer,3491,True
fabuloso,,3492,False
desaparecer,,3494,False
potencia,,3495,False
jodida,joder,3504,True
jodida,jodido,3505,False
coincidencia,,3506,False
bandera,,3507,False
adivinar,,3508,False
tubo,,3509,False
partida,,3510,False
partida,partido,3511,False
partida,partir,3512,True
hombro,,3515,False
celebrar,,3520,False
armario,,3521,False
paliza,,3523,False
sabor,,3524,False
lata,,3526,False
serpiente,,3528,False
comité,,3530,False
imaginación,,3534,False
bello,,3536,False
hígado,,3537,False
cierre,,3538,False
cierre,cerrar,3539,True
cabina,,3540,False
pasas,pasar,3542,True
pasas,pasa,3543,False
rastro,,3548,False
anterior,,3550,False
acero,,3551,False
desnudo,,3552,False
desnudo,desnudar,3553,False
comisario,,3554,False
preparar,,3556,False
perdidos,perdido,3557,True
perdidos,perder,3558,True
huevo,,3560,False
armada,,3562,False
armada,armado,3563,False
armada,armar,3564,True
verdaderamente,,3568,False
límite,,3570,False
sacado,,3572,False
sacado,sacar,3573,True
diamante,,3574,False
secuestro,,3575,False
secuestro,secuestrar,3576,False
casco,,3577,False
casco,cascar,3578,False
nene,,3580,False
marcas,marca,3581,False
marcas,marcar,3582,False
jugo,,3585,False
heridos,herido,3586,False
heridos,herir,3587,False
congreso,,3588,False
cementerio,,3589,False
prostituta,,3590,False
terreno,,3593,False
salvado,,3594,False
salvado,salvar,3595,True
igualmente,,3597,False
amén,,3601,False
personalidad,,3603,False
muro,,3604,False
contestar,,3605,False
particular,,3608,False
gimnasio,,3610,False
emocionante,,3611,False
desgracia,,3612,False
científico,,3613,False
terapia,,3615,False
patrulla,,3617,False
globo,,3618,False
despejado,,3619,False
despejado,despejar,3620,False
creado,,3621,False
creado,crear,3622,True
embajador,,3625,False
posiblemente,,3627,False
malvado,,3628,False
dormitorio,,3629,False
despacho,,3630,False
despacho,despachar,3631,False
desagradable,,3632,False
recibo,,3634,False
recibo,recibir,3635,True
nuclear,,3636,False
aprecio,,3645,False
aprecio,apreciar,3646,False
sentimiento,,3647,False
popular,,3648,False
tontería,,3652,False
tiburón,,3657,False
peleas,pelea,3658,False
peleas,pelear,3659,True
organización,,3660,False
infección,,3665,False
decente,,3666,False
logrado,,3667,False
logrado,lograr,3668,True
jersey,,3669,False
amar,,3670,False
pozo,,3674,False
india,,3675,False
india,indio,3676,True
india,India,3677,False
esperado,esperar,3678,True
esperado,,3679,False
enseñar,,3680,False
internet,,3683,False
encanto,,3685,False
encanto,encantar,3686,True
adorable,,3690,False
marihuana,,3696,False
traidor,,3697,False
clínica,,3699,False
clínica,clínico,3700,False
ejercito,ejercitar,3705,False
ejercito,ejército,3706,False
división,,3707,False
sector,,3708,False
perdedor,,3709,False
patrón,,3710,False
crema,,3712,False
planeado,,3713,False
planeado,planear,3714,True
juguete,,3716,False
técnica,,3717,False
nacimiento,,3718,False
destruido,,3723,False
destruido,destruir,3724,False
circo,,3726,False
ascensor,,3727,False
investigar,,3729,False
archivo,,3731,False
presentar,,3733,False
logro,,3734,False
logro,lograr,3735,True
armado,,3738,False
armado,armar,3739,True
apuestas,apuesta,3740,True
apuestas,apostar,3741,True
arrestado,,3742,False
arrestado,arrestar,3743,False
unión,,3744,False
permanecer,,3745,False
móvil,,3747,False
casados,casado,3749,True
casados,casar,3750,True
cañón,,3751,False
tribunal,,3752,False
satélite,,3754,False
falsa,,3757,False
falsa,falso,3758,False
coca,,3759,False
símbolo,,3760,False
pendejo,,3763,False
judío,,3765,False
metal,,3773,False
despedida,,3774,False
despedida,despedido,3775,False
despedida,despedir,3776,False
golf,,3777,False
defender,,3779,False
crecer,,3780,False
comunicación,,3785,False
detenido,,3789,False
detenido,detener,3790,True
prohibido,,3794,False
prohibido,prohibir,3795,False
cargar,,3797,False
junior,,3799,False
acusado,,3802,False
acusado,acusar,3803,False
lealtad,,3805,False
cazador,,3807,False
objeto,,3810,False
sofá,,3811,False
homicidio,,3813,False
electricidad,,3814,False
advertencia,,3815,False
mentir,,3817,False
deuda,,3819,False
celoso,,3820,False
bicicleta,,3821,False
visitas,visita,3823,False
visitas,visitar,3824,False
mejorar,,3825,False
escudo,,3826,False
cueva,,3827,False
levantar,,3829,False
ciertamente,,3831,False
elegante,,3835,False
divorcio,,3836,False
depósito,,3837,False
concierto,,3838,False
transmisión,,3840,False
flor,,3842,False
onda,,3845,False
aliento,,3848,False
academia,,3849,False
sonar,,3850,False
patio,,3852,False
función,,3853,False
palo,,3856,False
internacional,,3857,False
hueso,,3858,False
versión,,3860,False
sacrificio,,3861,False
fotografía,,3864,False
delicioso,,3865,False
zorra,,3867,False
valle,,3868,False
lentamente,,3870,False
encantada,encantado,3871,False
encantada,encantar,3872,True
arreglo,,3873,False
romántico,,3876,False
olvido,,3878,False
olvido,olvidar,3879,True
fascinante,,3880,False
cuadro,,3881,False
wow,,3884,False
sobrino,,3885,False
secuencia,,3886,False
huh,,3888,False
entradas,entrada,3889,True
entradas,entrar,3890,True
resistencia,,3892,False
ayudas,ayuda,3894,False
ayudas,ayudar,3895,True
disponible,,3897,False
civil,,3898,False
caos,,3899,False
muestras,muestra,3903,True
muestras,mostrar,3904,True
lógica,,3905,False
casualidad,,3906,False
rayo,,3908,False
pato,,3909,False
pagado,pagar,3910,True
pagado,,3911,False
máscara,,3912,False
selva,,3915,False
pm,,3916,False
condenado,,3918,False
condenado,condenar,3919,False
cometido,cometer,3920,True
cometido,,3921,False
tragedia,,3925,False
poli,,3926,False
poli,policía,3927,False
charla,,3929,False
charla,charlar,3930,False
básicamente,,3935,False
preparada,preparado,3938,False
preparada,preparar,3939,True
construcción,,3943,False
agarrar,,3945,False
infeliz,,3946,False
rutina,,3951,False
gustar,,3952,False
caída,,3954,False
caída,caído,3955,False
caída,caer,3956,True
almorzar,,3957,False
actividad,,3958,False
coraje,,3961,False
aterrizar,,3963,False
actuación,,3964,False
ayudante,,3966,False
vaca,,3968,False
cirujano,,3969,False
okay,,3972,False
entregar,,3973,False
encerrado,,3974,False
encerrado,encerrar,3975,False
amado,,3979,False
amado,amar,3980,True
piedad,,3983,False
furia,,3986,False
detalle,,3987,False
admitir,,3988,False
respiración,,3990,False
confundido,,3993,False
confundido,confundir,3994,False
sufrimiento,,3996,False
golpear,,3999,False
garaje,,4000,False
revolución,,4002,False
motel,,4003,False
alianza,,4005,False
estupidez,,4006,False
disparado,,4007,False
disparado,disparar,4008,True
miserable,,4011,False
ideal,,4012,False
heroína,,4016,False
vecindario,,4019,False
empleado,,4020,False
empleado,emplear,4021,False
cerebral,,4024,False
plástico,,4025,False
piano,,4026,False
pensamiento,,4027,False
letra,,4028,False
empleados,empleado,4029,False
empleados,emplear,4030,False
dosis,,4031,False
dólar,,4032,False
rifle,,4037,False
renunciar,,4038,False
hoyo,,4040,False
español,,4041,False
rueda,,4043,False
béisbol,,4046,False
regresado,,4047,False
regresado,regresar,4048,True
ja,,4050,False
sesión,,4051,False
comprender,,4052,False
montar,,4054,False
espía,,4056,False
espía,espiar,4057,False
salto,,4059,False
salto,saltar,4060,True
impacto,,4062,False
emoción,,4063,False
comando,,4065,False
autorización,,4066,False
informes,informe,4067,False
informes,informar,4068,False
honestamente,,4069,False
existencia,,4070,False
clara,claro,4073,False
clara,,4074,False
alcanzar,,4075,False
octubre,,4077,False
barato,,4079,False
apostar,,4080,False
grano,,4083,False
progreso,,4087,False
progreso,progresar,4088,False
ocurrir,,4090,False
secretario,,4093,False
rusia,Rusia,4094,False
rusia,,4095,False
gatito,,4097,False
gatito,gato,4098,True
colección,,4100,False
sufrido,,4102,False
sufrido,sufrir,4103,False
helena,heleno,4105,False
helena,Helena,4106,False
terror,,4107,False
salva,salvar,4108,True
salva,salvo,4109,False
salva,,4110,False
lanza,,4113,False
lanza,lanzar,4114,True
quince,,4116,False
prometido,,4117,False
prometido,prometer,4118,True
preciso,,4119,False
pirata,,4120,False
moral,,4121,False
moneda,,4122,False
bajas,bajo,4127,False
bajas,baja,4128,False
mínimo,,4133,False
escondido,,4135,False
escondido,esconder,4136,True
demostrar,,4137,False
perrito,,4138,False
perrito,perro,4139,False
experimento,,4142,False
diseño,,4144,False
diseño,diseñar,4145,False
barra,,4146,False
barra,barrer,4147,False
anciano,,4148,False
alfombra,,4149,False
alfombra,alfombrar,4150,False
actriz,,4151,False
tono,,4152,False
remedio,,4154,False
listas,lista,4155,False
listas,listo,4156,True
gris,,4157,False
disfrutar,,4160,False
sentada,sentado,4163,False
sentada,sentar,4164,True
japonés,,4166,False
campeonato,,4174,False
reír,,4177,False
prima,,4178,False
maricón,,4179,False
periodista,,4181,False
estelar,,4183,False
escritor,,4184,False
adecuado,,4187,False
terrorista,,4188,False
hierro,,4189,False
enterrado,,4190,False
enterrado,enterrar,4191,False
sincero,,4192,False
positivo,,4194,False
petróleo,,4199,False
encargado,,4200,False
encargado,encargar,4201,True
capítulo,,4202,False
breve,,4205,False
sed,,4208,False
patético,,4209,False
carácter,,4212,False
plaza,,4214,False
obispo,,4215,False
involucrado,,4218,False
involucrado,involucrar,4219,False
prácticamente,,4224,False
costado,,4227,False
costado,costar,4228,True
conducta,,4229,False
médica,,4232,False
médica,médico,4233,True
manzana,,4234,False
escuadrón,,4235,False
gallina,,4238,False
borde,,4240,False
actual,,4242,False
inconsciente,,4245,False
cuartel,,4250,False
consciente,,4251,False
residencia,,4254,False
grasa,,4257,False
recepción,,4260,False
explotar,,4262,False
corona,,4263,False
calidad,,4265,False
asesina,,4267,False
asesina,asesino,4268,False
asesina,asesinar,4269,True
absurdo,,4270,False
revés,,4271,False
producto,,4272,False
apagar,,4277,False
práctica,,4279,False
francamente,,4281,False
vecino,,4283,False
trozo,,4284,False
tómate,tomar,4285,True
tómate,tomate,4286,False
tercero,,4287,False
manual,,4290,False
cercano,,4292,False
pasta,,4299,False
pasta,pastar,4300,False
limpieza,,4304,False
estadounidense,,4305,False
enojada,enojado,4306,True
enojada,enojar,4307,False
desafortunadamente,,4308,False
pinta,,4310,False
pinta,pintar,4311,False
cocinar,,4314,False
cima,,4315,False
atractivo,,4316,False
interrumpir,,4320,False
apropiado,,4322,False
presentimiento,,4323,False
deporte,,4328,False
ceremonia,,4333,False
tina,,4334,False
muelle,,4335,False
desconocido,,4338,False
desconocido,desconocer,4339,False
refugio,,4341,False
refugio,refugiar,4342,False
arruinado,,4346,False
arruinado,arruinar,4347,True
vomitar,,4348,False
disfraz,,4351,False
arreglado,,4353,False
arreglado,arreglar,4354,True
razonable,,4359,False
puesta,,4360,False
puesta,puesto,4361,True
puesta,poner,4362,True
masaje,,4363,False
extranjero,,4366,False
apellido,,4368,False
alguacil,,4369,False
temporal,,4370,False
mayo,,4372,False
egoísta,,4373,False
aceite,,4374,False
miércoles,,4376,False
anuncio,,4380,False
tirado,,4381,False
tirado,tirar,4382,True
notado,,4383,False
notado,notar,4384,False
césar,,4391,False
césar,César,4392,False
comprado,,4393,False
comprado,comprar,4394,True
cocaína,,4395,False
amarillo,,4396,False
maldad,,4400,False
eliminar,,4402,False
corbata,,4403,False
atrapados,atrapado,4404,False
atrapados,atrapar,4405,True
medalla,,4408,False
jaula,,4410,False
chofer,,4412,False
informado,,4413,False
informado,informar,4414,False
fatal,,4415,False
enfadado,,4416,False
enfadado,enfadar,4417,False
cubierto,,4418,False
cubierto,cubrir,4419,True
compañera,,4420,False
ronda,,4421,False
ronda,rondar,4422,False
cobra,,4423,False
cobra,cobrar,4424,False
cantante,,4425,False
abrazo,,4426,False
abrazo,abrazar,4427,False
gravedad,,4432,False
collar,,4436,False
cincuenta,,4437,False
naturalmente,,4439,False
embajada,,4440,False
desayunar,,4441,False
aéreo,,4447,False
traición,,4448,False
molestar,,4454,False
italiano,,4455,False
ave,,4459,False
monje,,4464,False
escoger,,4467,False
pico,,4470,False
priorato,,4474,False
industria,,4476,False
cretino,,4477,False
cafetería,,4478,False
cabaña,,4479,False
aparecer,,4480,False
tradición,,4481,False
suelto,,4482,False
suelto,soltar,4483,True
publicidad,,4484,False
pares,parar,4485,True
pares,par,4486,False
medida,,4488,False
medida,medir,4489,False
dieta,,4491,False
capa,,4492,False
sincronizado,,4494,False
sincronizado,sincronizar,4495,False
historial,,4496,False
guión,,4497,False
enano,,4498,False
devolver,,4499,False
solitario,,4500,False
desnuda,desnudo,4502,False
desnuda,desnudar,4503,False
vaquero,,4504,False
sano,,4507,False
liga,,4509,False
liga,ligar,4510,False
gerente,,4511,False
caridad,,4512,False
armados,armado,4513,False
armados,armar,4514,True
religión,,4516,False
rezar,,4519,False
niñera,,4522,False
naranja,,4523,False
naranja,naranjo,4524,False
jugada,,4526,False
jugada,jugar,4527,True
cohete,,4530,False
maletín,,4540,False
lenguaje,,4541,False
invitación,,4542,False
audiencia,,4547,False
agenda,,4548,False
sensible,,4550,False
reverendo,,4551,False
cazar,,4553,False
retiro,,4557,False
retiro,retirar,4558,True
juventud,,4567,False
payaso,,4573,False
fama,,4575,False
engaño,,4576,False
engaño,engañar,4577,True
distrito,,4578,False
ciudadano,,4580,False
equipaje,,4582,False
ubicación,,4584,False
junio,,4588,False
extremadamente,,4589,False
traducción,,4591,False
típico,,4596,False
reserva,,4597,False
reserva,reservar,4598,False
propuesta,,4599,False
propuesta,propuesto,4600,False
propuesta,proponer,4601,False
plataforma,,4602,False
mago,,4603,False
linea,,4604,False
tabaco,,4607,False
dormida,dormido,4609,False
dormida,dormir,4610,True
causar,,4612,False
temer,,4613,False
rollo,,4615,False
hechizo,,4616,False
hechizo,hechizar,4617,False
gusano,,4618,False
guau,,4619,False
horario,,4624,False
concurso,,4628,False
autopista,,4629,False
vendedor,,4631,False
radar,,4634,False
expresión,,4635,False
exposición,,4641,False
aterrizaje,,4644,False
sorprendente,,4647,False
echado,,4651,False
echado,echar,4652,True
cortado,,4654,False
cortado,cortar,4655,True
abiertos,abierto,4657,False
abiertos,abrir,4658,True
zapato,,4659,False
preso,,4660,False
lastimar,,4661,False
secretaria,,4665,False
queridos,querido,4666,False
queridos,querer,4667,True
cuero,,4669,False
confesión,,4670,False
círculo,,4671,False
química,,4673,False
obras,obra,4674,False
obras,obrar,4675,False
invisible,,4678,False
fase,,4679,False
adulto,,4682,False
pastor,,4685,False
llegada,,4686,False
llegada,llegar,4687,True
gatillo,,4688,False
jovencita,,4695,False
dibujo,,4696,False
dibujo,dibujar,4697,False
británico,,4698,False
balboa,,4699,False
psiquiatra,,4700,False
negociar,,4702,False
formar,,4703,False
fiel,,4704,False
diosa,,4705,False
ala,,4707,False
abril,,4708,False
atender,,4712,False
oreja,,4714,False
cumplido,,4718,False
cumplido,cumplir,4719,True
brindis,,4720,False
villa,,4721,False
trono,,4722,False
sentados,sentado,4724,False
sentados,sentar,4725,True
samurai,,4726,False
producción,,4729,False
lavar,,4731,False
jazz,,4732,False
extraordinario,,4733,False
causado,,4734,False
causado,causar,4735,True
estable,,4740,False
instinto,,4745,False
episodio,,4746,False
aniversario,,4748,False
rango,,4752,False
preocupación,,4753,False
fenómeno,,4757,False
demanda,,4759,False
demanda,demandar,4760,False
creó,creer,4761,True
asegurar,,4762,False
molestia,,4765,False
extremo,,4766,False
debilidad,,4767,False
compasión,,4768,False
aproximadamente,,4770,False
administración,,4772,False
reconocimiento,,4773,False
recientemente,,4774,False
practicar,,4775,False
pandilla,,4777,False
miss,,4778,False
mates,matar,4779,True
mates,mate,4780,False
sueldo,,4784,False
significado,,4786,False
significado,significar,4787,True
medidas,medida,4789,False
medidas,medir,4790,False
guitarra,,4791,False
custodia,,4792,False
risa,,4796,False
quemar,,4797,False
lectura,,4800,False
considerado,,4802,False
considerado,considerar,4803,True
cometer,,4804,False
satisfecho,,4807,False
satisfecho,satisfacer,4808,False
saludable,,4809,False
lanzar,,4810,False
hoja,,4811,False
concepto,,4813,False
colgar,,4814,False
renta,,4816,False
renta,rentar,4817,False
mediodía,,4820,False
influencia,,4821,False
figura,,4823,False
figura,figurar,4824,False
ensayo,,4825,False
ensayo,ensayar,4826,False
político,,4829,False
once,,4831,False
graduación,,4833,False
frase,,4834,False
toalla,,4838,False
corredor,,4845,False
atravesar,,4846,False
eternidad,,4850,False
acuerda,acuerdo,4853,False
poema,,4857,False
espiritual,,4859,False
costumbre,,4860,False
cabra,,4862,False
alquiler,,4863,False
vencido,,4864,False
vencido,vencer,4865,True
vela,,4866,False
vela,velar,4867,False
quinto,,4870,False
generación,,4873,False
formación,,4874,False
estructura,,4875,False
complejo,,4877,False
temor,,4880,False
república,,4881,False
presentación,,4883,False
pirámide,,4884,False
oficialmente,,4885,False
maquillaje,,4886,False
guardaespaldas,,4887,False
bendición,,4891,False
semejante,,4893,False
cultura,,4896,False
representante,,4900,False
prestado,,4901,False
prestado,prestar,4902,False
posesión,,4903,False
capital,,4920,False
ánimo,,4922,False
utilizar,,4923,False
gafas,,4926,False
maíz,,4930,False
estacionamiento,,4931,False
contactos,contacto,4932,True
contactos,contactar,4933,False
aguja,,4934,False
fortaleza,,4939,False
corea,,4940,False
conversar,,4941,False
volante,,4944,False
data,,4947,False
civilización,,4949,False
arruinar,,4951,False
vampiro,,4952,False
violación,,4961,False
hemorragia,,4962,False
fianza,,4963,False
docena,,4964,False
centavo,,4965,False
célula,,4966,False
callado,,4968,False
callado,callar,4969,True
rodilla,,4970,False
profundamente,,4972,False
furioso,,4975,False
cicatriz,,4979,False
bebidas,bebida,4980,False
bebidas,bebido,4981,False
bebidas,beber,4982,True
policial,,4985,False
pasear,,4986,False
masa,,4987,False
global,,4989,False
escapado,,4990,False
escapado,escapar,4991,True
aparato,,4995,False
sostén,,4996,False
sostén,sostener,4997,False
realizar,,4998,False
comisión,,5002,False
vidrio,,5003,False
presa,,5004,False
presa,preso,5005,True
ocupados,ocupado,5006,True
ocupados,ocupar,5007,False
morfina,,5008,False
columna,,5010,False
ocultar,,5014,False
objeción,,5015,False
largas,largo,5017,True
largas,largar,5018,True
generalmente,,5019,False
cubrir,,5021,False
tenis,,5023,False
potencial,,5025,False
plano,,5026,False
escala,,5028,False
escala,escalar,5029,False
enfrentar,,5030,False
cuánta,cuánto,5031,False
cuánta,cuanto,5032,True
sobra,,5033,False
sobra,sobrar,5034,False
rumor,,5035,False
león,,5038,False
barbara,bárbaro,5043,False
barbara,Barbara,5044,False
voto,,5046,False
voto,votar,5047,False
reto,,5050,False
reto,retar,5051,False
infarto,,5053,False
cuyo,,5054,False
boleto,,5056,False
besar,,5057,False
portal,,5058,False
monte,,5060,False
discusión,,5061,False
digno,,5062,False
considerar,,5065,False
poción,,5067,False
generoso,,5070,False
estatua,,5071,False
convencer,,5072,False
conocida,,5073,False
conocida,conocido,5074,True
conocida,conocer,5075,True
aceptado,,5077,False
aceptado,aceptar,5078,True
rob,,5079,False
rob,Rob,5080,False
importar,,5081,False
fracaso,,5082,False
fracaso,fracasar,5083,False
sorprendido,,5086,False
sorprendido,sorprender,5087,True
protegido,,5088,False
protegido,proteger,5089,True
conflicto,,5094,False
seco,,5096,False
convencido,,5101,False
convencido,convencer,5102,True
mencionar,,5107,False
arco,,5113,False
talvez,,5116,False
quejas,queja,5119,True
quejas,quejar,5120,False
marica,,5123,False
acostumbrado,,5128,False
acostumbrado,acostumbrar,5129,False
torneo,,5130,False
torneo,tornear,5131,False
kg,,5136,False
kg,kilogramo,5137,False
confirmado,,5139,False
confirmado,confirmar,5140,False
quirófano,,5142,False
origen,,5144,False
fusión,,5145,False
pasaje,,5151,False
lavado,,5153,False
lavado,lavar,5154,True
galaxia,,5155,False
doloroso,,5157,False
perfil,,5161,False
lola,,5164,False
lola,lolo,5165,False
lola,Lola,5166,False
lentes,,5168,False
engañar,,5169,False
bate,,5171,False
bate,batir,5172,False
automático,,5173,False
heredero,,5179,False
canadá,Canadá,5181,False
porno,,5185,False
lejano,,5186,False
intercambio,,5187,False
intercambio,intercambiar,5188,False
cuan,,5191,False
champaña,,5192,False
terminal,,5194,False
rita,rito,5195,False
rita,Rita,5196,False
poesía,,5197,False
ensalada,,5200,False
convertir,,5201,False
autopsia,,5203,False
tristeza,,5204,False
tiendas,tender,5206,False
mafia,,5207,False
almacén,,5213,False
productor,,5216,False
permitido,,5217,False
permitido,permitir,5218,True
interno,,5221,False
interna,internar,5223,False
infantil,,5224,False
españa,España,5225,False
combinación,,5227,False
esencia,,5232,False
bingo,,5234,False
sordo,,5235,False
rancho,,5237,False
enterado,,5242,False
enterado,enterar,5243,False
documento,,5244,False
vencer,,5245,False
período,,5248,False
mercancía,,5251,False
lastimado,,5252,False
lastimado,lastimar,5253,True
hueco,,5255,False
evento,,5257,False
crecido,,5260,False
crecido,crecer,5261,True
conspiración,,5262,False
avenida,,5263,False
tremendo,,5264,False
sabias,saber,5267,True
raya,,5268,False
raya,rayar,5269,False
invitar,,5271,False
flecha,,5274,False
derrota,,5275,False
llenar,,5278,False
fingir,,5281,False
estrategia,,5282,False
cómoda,,5285,False
jefa,,5296,False
fallo,,5297,False
fallo,fallar,5298,False
dispositivo,,5300,False
agradecido,,5304,False
agradecido,agradecer,5305,False
sida,SIDA,5308,False
lujo,,5311,False
láser,,5312,False
importe,,5313,False
importe,importar,5314,True
físico,,5315,False
fantasía,,5322,False
curar,,5325,False
comidas,comido,5327,False
comidas,comer,5328,True
pacífico,,5330,False
oler,,5331,False
certeza,,5334,False
submarino,,5338,False
pesa,,5340,False
pesa,pesar,5341,False
judas,,5342,False
idioma,,5343,False
identificar,,5344,False
sospecha,,5348,False
sospecha,sospechar,5349,False
observación,,5350,False
manejo,,5352,False
manejo,manejar,5353,True
divino,,5356,False
divertida,divertir,5358,True
despegue,,5359,False
despegue,despegar,5360,False
volumen,,5362,False
hada,,5367,False
alegre,,5368,False
sabiduría,,5371,False
prioridad,,5372,False
pluma,,5373,False
misil,,5374,False
mansión,,5375,False
alejado,,5381,False
alejado,alejar,5382,False
soltero,,5383,False
mascota,,5385,False
dentista,,5387,False
cogido,,5388,False
cogido,coger,5389,True
batería,,5390,False
visual,,5391,False
niebla,,5394,False
desfile,,5397,False
desfile,desfilar,5398,False
continua,continuar,5401,True
beca,,5403,False
adolescente,,5404,False
fotógrafo,,5409,False
atmósfera,,5414,False
presupuesto,,5418,False
persecución,,5419,False
cortes,cortar,5423,True
núcleo,,5427,False
multitud,,5428,False
delta,,5431,False
asociación,,5432,False
profesión,,5434,False
pelotón,,5435,False
paro,,5436,False
paro,parar,5437,True
creído,,5440,False
creído,creer,5441,True
cosecha,,5442,False
cosecha,cosechar,5443,False
agallas,,5445,False
agallas,agalla,5446,False
vendido,,5447,False
vendido,vender,5448,True
tortura,,5449,False
tortura,torturar,5450,False
retirado,,5453,False
retirado,retirar,5454,True
desorden,,5457,False
desarrollo,,5458,False
desarrollo,desarollar,5459,False
vodka,,5461,False
violento,,5462,False
vestida,vestir,5464,False
balón,,5466,False
población,,5467,False
leal,,5471,False
jo,,5472,False
federación,,5473,False
valioso,,5478,False
profesora,,5479,False
misericordia,,5480,False
mancha,,5481,False
mancha,manchar,5482,False
ilusión,,5483,False
generador,,5486,False
despedir,,5489,False
cuerdas,cuerdo,5491,False
cráneo,,5492,False
champán,,5493,False
cartel,,5494,False
campana,,5495,False
avanzar,,5501,False
técnicamente,,5502,False
remoto,,5503,False
pega,,5505,False
pega,pegar,5506,True
nido,,5508,False
gota,,5510,False
fracasado,,5511,False
fracasado,fracasar,5512,False
eco,,5515,False
plantas,plantar,5526,False
oculta,ocultar,5528,True
cm,,5533,False
cm,centímetro,5534,False
asesinar,,5535,False
agosto,,5536,False
rojas,rojo,5538,True
pantano,,5539,False
impresionado,,5543,False
impresionado,impresionar,5544,False
dirigir,,5545,False
diciembre,,5546,False
conectado,,5548,False
conectado,conectar,5549,False
sinceramente,,5551,False
relacionado,,5552,False
relacionado,relacionar,5553,False
espantoso,,5556,False
confidencial,,5561,False
baúl,,5563,False
aumento,,5565,False
aumento,aumentar,5566,False
ascenso,,5567,False
testimonio,,5568,False
ofrecer,,5572,False
jabón,,5575,False
hamburguesa,,5576,False
beneficio,,5580,False
receta,,5583,False
receta,recetar,5584,False
misterioso,,5586,False
esconder,,5587,False
callejón,,5590,False
rudo,,5594,False
delito,,5599,False
atacado,,5600,False
atacado,atacar,5601,True
sentencia,,5603,False
participar,,5606,False
pagas,paga,5608,True
excepción,,5611,False
engañado,,5613,False
engañado,engañar,5614,True
corporación,,5616,False
seca,secar,5621,False
pescar,,5623,False
niñita,,5633,False
disciplina,,5636,False
arriesgado,,5638,False
arriesgado,arriesgar,5639,False
arquitecto,,5640,False
tiroteo,,5643,False
ratón,,5646,False
masacre,,5651,False
infancia,,5652,False
indio,,5653,False
homosexual,,5654,False
chance,,5655,False
barba,,5656,False
susto,,5659,False
sabio,,5662,False
romance,,5663,False
petición,,5664,False
orinar,,5666,False
macho,,5667,False
profundidad,,5671,False
permanente,,5673,False
atrapada,atrapar,5678,True
tímido,,5681,False
ola,,5682,False
diana,,5684,False
diana,Diana,5685,False
nacer,,5689,False
mona,,5690,False
mona,mono,5691,True
mm,,5692,False
mm,milímetro,5693,False
increíblemente,,5694,False
despegar,,5695,False
comentario,,5696,False
ramera,,5698,False
perfume,,5699,False
obligado,,5702,False
obligado,obligar,5703,False
noviembre,,5704,False
fallado,,5707,False
fallado,fallar,5708,False
camiseta,,5712,False
resistir,,5715,False
pavo,,5716,False
nieto,,5718,False
liberar,,5719,False
barón,,5722,False
vicepresidente,,5724,False
simón,,5725,False
simón,Simón,5726,False
ordenador,,5729,False
jodidos,joder,5731,True
despertado,,5733,False
despertado,despertar,5734,True
aburrida,aburrir,5738,False
superar,,5739,False
norma,,5740,False
norma,normar,5741,False
musical,,5742,False
lápiz,,5743,False
fruta,,5746,False
eléctrica,,5748,False
eléctrica,eléctrico,5749,False
crítica,,5750,False
chip,,5752,False
cargado,,5753,False
cargado,cargar,5754,True
altas,alto,5756,True
gastar,,5764,False
confirmar,,5766,False
quitado,,5767,False
quitado,quitar,5768,True
perímetro,,5770,False
pegado,,5771,False
pegado,pegar,5772,True
incapaz,,5775,False
forense,,5776,False
ésas,esa,5778,False
dignidad,,5779,False
delicado,,5782,False
cuarenta,,5783,False
constante,,5784,False
seriamente,,5787,False
muralla,,5790,False
embarazo,,5795,False
embarazo,embarazar,5796,False
rehén,,5800,False
milagros,Milagros,5804,False
horror,,5805,False
emocional,,5806,False
comedor,,5807,False
tumbas,tumbar,5811,False
subtitulado,,5812,False
plazo,,5813,False
pesca,,5814,False
pesca,pescar,5815,False
muertas,morir,5817,True
comisaría,,5825,False
vago,,5828,False
vago,vagar,5829,False
radiación,,5831,False
muchísimas,mucho,5834,True
tapa,,5839,False
tapa,tapar,5840,False
respiro,,5842,False
respiro,respirar,5843,False
queja,,5844,False
queja,quejar,5845,False
mordida,,5848,False
mordida,mordido,5849,False
mordida,morder,5850,True
mmm,,5851,False
marchar,,5853,False
mantequilla,,5854,False
guardián,,5855,False
escándalo,,5856,False
tinta,,5861,False
tinta,tinto,5862,False
sindicato,,5863,False
dispuesta,disponer,5869,False
descripción,,5870,False
brigada,,5872,False
repugnante,,5874,False
misa,,5876,False
metrópolis,,5877,False
metrópolis,metrópoli,5878,False
mamita,,5880,False
jamón,,5881,False
ésos,esos,5883,False
retraso,,5886,False
retraso,retrasar,5887,False
linterna,,5891,False
inevitable,,5892,False
encender,,5893,False
cacería,,5896,False
jungla,,5901,False
dedicado,,5902,False
astuto,,5906,False
antídoto,,5907,False
vano,,5909,False
quemado,,5912,False
quemado,quemar,5913,True
parejas,parejo,5916,False
fuga,,5919,False
asesinada,asesinar,5924,True
artillería,,5925,False
apariencia,,5926,False
mágico,,5930,False
excusas,excusar,5933,False
contratar,,5934,False
candidato,,5935,False
anteriormente,,5936,False
adicto,,5937,False
sello,,5938,False
retrasado,,5940,False
retrasado,retrasar,5941,False
galleta,,5944,False
chistoso,,5946,False
solar,,5949,False
grito,,5953,False
grito,gritar,5954,True
enseñado,,5955,False
enseñado,enseñar,5956,True
descubrimiento,,5958,False
clérigo,,5960,False
clásico,,5961,False
batallas,batallar,5963,False
marzo,,5966,False
hechas,hacer,5968,True
fraude,,5969,False
economía,,5970,False
costo,,5973,False
costo,costar,5974,True
condena,,5976,False
alivio,,5978,False
alivio,aliviar,5979,False
micrófono,,5982,False
ida,ir,5986,True
giro,,5988,False
giro,girar,5989,False
desgraciados,desgraciar,5991,False
arroz,,5992,False
unido,,5994,False
unido,unir,5995,False
seda,,5998,False
seda,sedar,5999,False
controles,control,6003,False
choque,,6004,False
choque,chocar,6005,False
aclarar,,6007,False
santuario,,6009,False
impulso,,6012,False
impedir,,6013,False
cobrar,,6019,False
audición,,6020,False
asesinados,asesinar,6022,True
afueras,,6023,False
tribu,,6024,False
testamento,,6025,False
postre,,6026,False
ópera,,6028,False
estatal,,6030,False
esclavo,,6031,False
privilegio,,6039,False
orina,,6040,False
jovencito,,6041,False
jovencito,joven,6042,False
invasión,,6043,False
usualmente,,6054,False
sable,,6056,False
retirada,retirado,6058,False
psicópata,,6060,False
plaga,,6062,False
plaga,plagar,6063,False
ohh,,6064,False
existir,,6066,False
bendito,,6068,False
bendito,bendecir,6069,True
supuestamente,,6071,False
residente,,6072,False
rescatar,,6073,False
pesada,pesar,6075,False
hermanito,,6079,False
hermanito,hermano,6080,False
firmado,,6082,False
firmado,firmar,6083,False
entrenar,,6084,False
encendido,,6085,False
encendido,encender,6086,True
boxeo,,6091,False
boxeo,boxear,6092,False
autorizado,,6093,False
autorizado,autorizar,6094,False
armadura,,6095,False
preocupados,preocupar,6098,True
mutante,,6101,False
incómodo,,6106,False
harta,hartar,6108,False
expedición,,6109,False
contratado,,6113,False
contratado,contratar,6114,True
sentar,,6116,False
presentes,presentar,6118,True
ejecución,,6122,False
afirmativo,,6126,False
talla,,6128,False
talla,tallar,6129,False
rodeado,,6130,False
rodeado,rodear,6131,False
reparar,,6132,False
patada,,6134,False
humilde,,6137,False
elefante,,6140,False
demostración,,6142,False
creación,,6143,False
compañia,,6144,False
bebido,,6146,False
bebido,beber,6147,True
bata,,6148,False
bata,batir,6149,False
soga,,6150,False
pegar,,6155,False
informar,,6161,False
independiente,,6162,False
fuéramos,ser,6164,True
conque,,6167,False
cometa,,6169,False
cometa,cometer,6170,True
acostado,,6171,False
acostado,acostar,6172,False
pentágono,,6173,False
galería,,6175,False
decepcionado,,6177,False
ausencia,,6180,False
asistencia,,6181,False
suma,,6183,False
suma,sumar,6184,False
ogro,,6185,False
griego,,6186,False
caballería,,6187,False
bondad,,6188,False
avanzada,avanzar,6191,True
puño,,6194,False
otoño,,6195,False
observar,,6196,False
iris,,6199,False
horno,,6200,False
grosero,,6201,False
veloz,,6207,False
tatuaje,,6209,False
resuelto,,6211,False
resuelto,resolver,6212,True
nocturno,,6215,False
líquido,,6216,False
especialidad,,6220,False
reconocer,,6226,False
rebelde,,6227,False
pervertido,,6229,False
pervertido,pervertir,6230,False
obedecer,,6231,False
mentido,,6232,False
mentido,mentir,6233,True
jade,,6236,False
ego,,6238,False
césped,,6242,False
capullo,,6243,False
supervivencia,,6245,False
soñado,,6246,False
soñado,soñar,6247,True
separados,separar,6249,False
infantería,,6252,False
identificado,,6253,False
identificado,identificar,6254,True
hambriento,,6256,False
cortesía,,6260,False
colonia,,6261,False
amiguito,,6263,False
amiguito,amigo,6264,True
alfa,,6265,False
sensacional,,6268,False
literalmente,,6272,False
licor,,6273,False
juzgar,,6274,False
equilibrio,,6275,False
entregado,,6277,False
entregado,entregar,6278,True
consulta,,6280,False
consulta,consultar,6281,False
boxeador,,6282,False
bahía,,6283,False
taller,,6285,False
operar,,6289,False
mochila,,6290,False
interesada,interesar,6292,False
inspiración,,6293,False
enero,,6296,False
claudia,,6298,False
claudia,Claudia,6299,False
lógico,,6300,False
insignificante,,6302,False
hermandad,,6303,False
goma,,6304,False
franco,,6305,False
franco,Franco,6306,False
chimenea,,6308,False
polo,,6312,False
perspectiva,,6314,False
ministerio,,6316,False
gesto,,6317,False
gesto,gestar,6318,False
culpar,,6322,False
arriesgar,,6324,False
arabia,arabio,6326,False
vital,,6327,False
transferencia,,6329,False
seguida,,6333,False
seguida,seguido,6334,False
seguida,seguir,6335,True
oculto,,6338,False
oculto,ocultar,6339,True
honorable,,6340,False
hmm,,6341,False
escolar,,6343,False
controlado,,6345,False
controlado,controlar,6346,True
constantemente,,6347,False
apetito,,6352,False
órbita,,6356,False
herir,,6359,False
enfadada,enfadar,6362,False
colorado,,6365,False
colorado,colorar,6366,False
término,,6368,False
síndrome,,6369,False
refrigerador,,6370,False
mecanismo,,6373,False
especialista,,6375,False
crucero,,6377,False
saludar,,6380,False
papito,,6381,False
papito,papá,6382,False
oficio,,6383,False
tobillo,,6389,False
técnico,,6390,False
saudita,Saudita,6392,False
salvador,,6393,False
ordenar,,6396,False
mito,,6400,False
juramento,,6401,False
consejero,,6403,False
confusión,,6404,False
sirviente,,6408,False
sierra,,6409,False
indicado,,6414,False
indicado,indicar,6415,True
entrenado,,6416,False
entrenado,entrenar,6417,False
enhorabuena,,6419,False
cruce,,6421,False
cruce,cruzar,6422,False
cancelar,,6425,False
callar,,6426,False
suite,,6428,False
soñar,,6429,False
preferido,,6431,False
preferido,preferir,6432,True
mandado,,6436,False
mandado,mandar,6437,True
huella,,6439,False
gilipollas,,6440,False
eterno,,6442,False
escopeta,,6443,False
desesperado,,6446,False
desesperado,desesperar,6447,False
bailarina,,6448,False
bailarina,bailarín,6449,False
alimentar,,6450,False
simpático,,6452,False
respetar,,6454,False
rabia,,6455,False
rabia,rabiar,6456,False
pito,,6459,False
pito,pitar,6460,False
perla,,6461,False
pendiente,,6462,False
suicida,,6469,False
sobrina,,6471,False
padrino,,6473,False
fractura,,6474,False
fractura,fracturar,6475,False
envío,,6478,False
envío,enviar,6479,True
enterrar,,6480,False
destrozado,,6481,False
destrozado,destrozar,6482,False
condicional,,6484,False
avergonzado,,6486,False
avergonzado,avergonzar,6487,False
amenazas,amenazar,6490,False
val,,6492,False
repetir,,6495,False
organizado,,6497,False
organizado,organizar,6498,False
novato,,6499,False
localizar,,6500,False
enamorados,enamorar,6505,False
cajón,,6507,False
aliados,aliar,6509,False
águila,,6510,False
sexto,,6512,False
reciente,,6514,False
protector,,6515,False
materia,,6519,False
hueón,,6520,False
hueón,huevón,6521,False
gentil,,6522,False
evidente,,6523,False
enlace,,6524,False
dorado,,6525,False
dorado,dorar,6526,False
conclusión,,6529,False
competir,,6530,False
auténtico,,6531,False
afortunadamente,,6533,False
siesta,,6534,False
sentidos,sentir,6536,True
girar,,6540,False
extraterrestre,,6541,False
canciller,,6543,False
protocolo,,6547,False
pacto,,6549,False
pacto,pactar,6550,False
módulo,,6551,False
huracán,,6554,False
arrestar,,6561,False
acento,,6562,False
vientre,,6564,False
timón,,6566,False
tabla,,6567,False
pintar,,6569,False
particularmente,,6570,False
palma,,6571,False
palma,palmar,6572,False
organizar,,6573,False
irlandés,,6576,False
as,,6579,False
voluntario,,6581,False
vigilar,,6583,False
vestíbulo,,6584,False
soltar,,6585,False
hacha,,6589,False
enojar,,6591,False
drogado,,6593,False
drogado,drogar,6594,False
cagar,,6595,False
traducido,,6596,False
traducido,traducir,6597,False
salario,,6599,False
préstamo,,6600,False
mensajero,,6601,False
granjero,,6602,False
filosofía,,6603,False
explosivo,,6605,False
diagnóstico,,6606,False
cardíaco,,6607,False
tomate,,6610,False
tomate,tomar,6611,True
magneto,,6613,False
lance,,6614,False
lance,lanzar,6615,True
hilo,,6617,False
doler,,6621,False
concentración,,6623,False
torpe,,6627,False
región,,6630,False
post,,6632,False
obsesionado,,6633,False
obsesionado,obsesionar,6634,False
automóvil,,6639,False
ruinas,ruinar,6643,False
orilla,,6644,False
excitante,,6647,False
batallón,,6652,False
ofender,,6656,False
novela,,6657,False
espectacular,,6661,False
cortina,,6663,False
construido,,6664,False
chaval,,6667,False
arrogante,,6670,False
vendo,vendar,6672,False
semental,,6676,False
facultad,,6680,False
envidia,,6681,False
envidia,envidiar,6682,False
disposición,,6684,False
conquistar,,6688,False
almohada,,6691,False
activo,,6692,False
activo,activar,6693,False
abuelita,,6694,False
abuelita,abuela,6695,True
traicionado,,6698,False
traicionado,traicionar,6699,False
teresa,,6700,False
teresa,Teresa,6701,False
moderno,,6704,False
manta,,6705,False
lidiar,,6706,False
comunista,,6709,False
suiza,suizo,6713,False
pita,,6714,False
molestado,,6718,False
molestado,molestar,6719,True
hembra,,6721,False
eternamente,,6722,False
colgado,,6726,False
acusación,,6729,False
negar,,6735,False
mordido,,6737,False
mordido,morder,6738,True
imaginado,,6741,False
imaginado,imaginar,6742,True
fallar,,6744,False
combatir,,6748,False
canto,,6749,False
canto,cantar,6750,True
apestoso,,6753,False
visa,,6754,False
retirar,,6756,False
ooh,,6758,False
