User,Word,WordId,Language,Correct,Wrong,LastCorrect,LastWrong
JST,radio,es191c4e7,spanish,1,0,2026-03-01T22:46:14.233Z
JST,pasar,es1c5b0c1,spanish,1,0,2026-03-03T21:22:42.364Z
JST,feliz,es1db76a8,spanish,1,0,2026-03-31T20:25:25.907Z
JST,tirar,es1bd48e8,spanish,1,0,2026-03-31T20:25:27.638Z
JST,ellos,es1decfc1,spanish,1,0,2026-03-31T20:25:29.398Z
JST,morir,es17d78d0,spanish,1,0,2026-03-31T20:27:21.551Z
JST,vino,es1e5cc1b,spanish,1,0,2026-03-31T20:27:24.504Z
JST,que,es1ed688d,spanish,9,2,2026-04-04T12:09:15.157Z,2026-01-25T17:07:49.497Z
JST,los,es1414451,spanish,3,0,2026-03-31T20:28:28.793Z,
JST,siempre,es19b59c6,spanish,1,0,2026-03-31T20:28:30.270Z
JST,cuando,es151dc2e,spanish,3,0,2026-03-31T20:28:31.411Z,
JST,como,es1227610,spanish,4,0,2026-03-31T20:28:32.508Z,
JST,hoy,es100350c,spanish,1,0,2026-03-31T20:28:33.953Z
JST,un,es1f096ec,spanish,2,0,2026-03-31T20:28:35.077Z,
JST,pa',es1001588,spanish,1,0,2026-03-31T20:28:41.771Z
JST,pero,es13985f6,spanish,2,0,2026-03-31T20:28:43.239Z,
JST,ya,es1b2e6a5,spanish,3,0,2026-03-31T20:28:44.544Z,
JST,bien,es18c46ba,spanish,1,0,2026-03-31T20:28:48.242Z
JST,las,es12c4522,spanish,2,0,2026-03-31T20:28:50.340Z,
JST,y,es1642c26,spanish,4,1,2026-04-04T12:09:23.414Z,2026-01-25T17:07:51.473Z
JST,mi,es1001d19,spanish,1,0,2026-03-31T20:28:53.254Z
JST,si,es1c02649,spanish,2,0,2026-03-31T20:28:54.437Z,
JST,con,es13b85d4,spanish,2,0,2026-03-31T20:28:55.906Z,
JST,de,es1cb971a,spanish,2,0,2026-04-04T12:09:34.131Z,
JST,me,es18e86d4,spanish,4,0,2026-04-04T12:09:20.931Z,
JST,en,es1887ef7,spanish,2,0,2026-04-04T12:09:37.016Z,
JST,no,es192ffe1,spanish,4,0,2026-04-04T12:09:18.581Z,
JST,a,es161bd7d,spanish,3,0,2026-04-04T12:09:27.281Z,
JST,qué,es1002b3a,spanish,1,0,2026-03-31T20:29:09.573Z
JST,tú,es1000e3c,spanish,1,0,2026-03-31T20:29:11.160Z
JST,más,es1002746,spanish,1,0,2026-03-31T20:29:12.451Z
JST,por,es1001c91,spanish,2,0,2026-03-31T20:29:15.398Z
JST,ahora,es1fdaa28,spanish,3,1,2026-03-31T20:29:55.278Z,2026-02-01T20:32:33.353Z
JST,otra,es124b8dd,spanish,1,0,2026-03-31T20:29:57.812Z
JST,porque,es1d771e9,spanish,4,0,2026-03-31T20:30:14.852Z,
JST,dos,es17dc675,spanish,1,0,2026-04-05T03:26:08.856Z
JST,vas,es10075be,spanish,1,0,2026-03-31T20:55:52.643Z
JST,vida,es1486efa,spanish,1,0,2026-04-05T03:27:07.422Z
JST,peso,es1583ace,spanish,1,0,2026-03-31T21:07:37.021Z
JST,diario,es10690cd,spanish,1,0,2026-03-31T21:07:44.873Z
JST,marca,es1c6fa6e,spanish,1,0,2026-03-31T21:07:48.457Z
JST,explicar,es1f58492,spanish,1,0,2026-03-31T21:07:50.669Z
JST,privado,es106c385,spanish,1,0,2026-03-31T21:07:54.022Z
JST,espejo,es127fcc4,spanish,1,0,2026-03-31T21:07:56.152Z
JST,haciéndome,es1d10570,spanish,2,0,2026-03-31T21:08:45.563Z,
JST,fr,es19b2b90,spanish,1,0,2026-04-03T03:49:14.583Z
JST,borroso,es1068800,spanish,1,1,2026-04-03T03:49:32.749Z,2026-04-03T03:49:37.985Z
JST,caldero,es15c8cca,spanish,0,1,,2026-04-03T03:49:44.420Z
JST,hoy,es1e0ca33,spanish,3,0,2026-04-03T16:17:50.350Z,
JST,agarro,es16b2553,spanish,1,0,2026-04-03T16:18:07.517Z
JST,uno,es1fdc7a0,spanish,1,0,2026-04-03T16:29:40.005Z
JST,ven,es1ef816d,spanish,1,0,2026-04-03T16:29:55.239Z
JST,cuerpo,es12ad237,spanish,1,0,2026-04-03T17:09:39.238Z
JST,bicho,es19d5188,spanish,0,1,,2026-04-03T17:10:32.086Z
JST,hablando,es1c5d433,spanish,1,0,2026-04-03T17:10:40.807Z
JST,nós,es17ce3d0,spanish,0,1,,2026-04-03T17:12:05.350Z
JST,silla,es12ab3cb,spanish,0,1,,2026-04-03T17:12:38.330Z
JST,apartamento,es173778e,spanish,0,1,,2026-04-03T17:12:43.683Z
JST,disparar,es1237845,spanish,0,1,,2026-04-03T17:12:47.136Z
JST,tesoro,es14d346c,spanish,0,1,,2026-04-03T17:12:53.421Z
JST,pelota,es16ebb7c,spanish,1,0,2026-04-03T17:12:57.405Z
JST,tumba,es1c58bfe,spanish,0,1,,2026-04-03T17:13:31.867Z
JST,descansar,es1265216,spanish,1,0,2026-04-03T17:13:36.253Z
JST,semana,es1c380e4,spanish,1,0,2026-04-04T02:39:04.666Z
JST,sangre,es184bfae,spanish,1,0,2026-04-04T02:39:07.900Z
JST,nuestros,es12a77fd,spanish,1,0,2026-04-04T02:39:13.400Z
JST,hija,es18570cf,spanish,1,0,2026-04-04T02:39:19.685Z
JST,maldito,es1996369,spanish,1,0,2026-04-04T02:39:32.217Z
JST,preocupes,es1b52f94,spanish,1,0,2026-04-04T02:39:35.067Z
JST,oído,es160f88a,spanish,1,0,2026-04-04T02:39:37.432Z
JST,querido,es10a7e88,spanish,1,0,2026-04-04T02:39:47.099Z
JST,sino,es1a6eb19,spanish,1,0,2026-04-04T02:39:56.300Z
JST,aire,es173add4,spanish,1,0,2026-04-04T02:40:00.682Z
JST,marido,es1788927,spanish,1,0,2026-04-04T02:40:03.282Z
JST,señal,es1f4f16f,spanish,1,0,2026-04-04T02:40:07.265Z
JST,ellas,es1fc64a5,spanish,1,0,2026-04-04T02:40:09.516Z
JST,caja,es13ac193,spanish,1,0,2026-04-04T02:40:11.933Z
JST,calmes,es140e258,spanish,1,0,2026-04-04T02:40:22.516Z
JST,iglesia,es1cfa129,spanish,1,0,2026-04-04T02:40:24.949Z
JST,bienvenido,es16c47c1,spanish,1,0,2026-04-04T02:40:27.149Z
JST,contacto,es1502c76,spanish,1,0,2026-04-04T02:41:16.217Z
JST,volar,es1d84adc,spanish,1,0,2026-04-04T02:41:21.232Z
JST,diferencia,es1083e9d,spanish,1,0,2026-04-04T02:41:24.066Z
JST,recordar,es15fd027,spanish,1,0,2026-04-04T02:41:27.200Z
JST,muévete,es191697b,spanish,1,0,2026-04-04T02:41:37.365Z
JST,viento,es1710a03,spanish,1,0,2026-04-04T02:41:40.281Z
JST,asiento,es1f9c875,spanish,1,0,2026-04-04T02:41:43.799Z
JST,culpable,es1236f53,spanish,1,0,2026-04-04T02:41:46.517Z
JST,estudio,es1f3f0e8,spanish,1,0,2026-04-04T02:41:54.016Z
JST,marca,es1681f0c,spanish,0,1,,2026-04-04T02:42:01.999Z
JST,techo,es183503e,spanish,1,0,2026-04-04T02:42:08.782Z
JST,parque,es1b7ccf4,spanish,1,0,2026-04-04T02:42:10.381Z
JST,lluvia,es15ec369,spanish,1,0,2026-04-04T02:42:12.017Z
JST,pasamos,es114d164,spanish,2,0,2026-04-04T02:42:13.465Z,
JST,arena,es15766e1,spanish,1,0,2026-04-04T02:42:16.899Z
JST,ruta,es12d9e14,spanish,1,0,2026-04-04T02:42:29.433Z
JST,pecar,es1fbb35c,spanish,1,0,2026-04-04T02:42:32.665Z
JST,ponerme,es1042ec3,spanish,1,0,2026-04-04T02:42:43.453Z
JST,cristal,es1c88e43,spanish,1,0,2026-04-04T02:42:46.554Z
JST,convertido,es1fc5aba,spanish,1,0,2026-04-04T02:42:49.421Z
JST,escalera,es1a70763,spanish,1,0,2026-04-04T02:42:51.287Z
JST,puestos,es1527898,spanish,0,1,,2026-04-04T02:43:00.422Z
JST,asusta,es150e16f,spanish,1,0,2026-04-04T02:43:22.857Z
JST,aprendí,es106410b,spanish,1,0,2026-04-04T02:43:26.356Z
JST,mayores,es1fb9bbd,spanish,0,1,,2026-04-04T02:43:36.125Z
JST,tiburón,es1dc7287,spanish,1,0,2026-04-04T02:43:58.308Z
JST,casualidad,es1dd4bd1,spanish,1,0,2026-04-04T02:44:04.640Z
JST,rubia,es14e8cff,spanish,1,0,2026-04-04T02:44:13.640Z
JST,atrevo,es104795d,spanish,1,0,2026-04-04T02:44:16.611Z
JST,grasa,es1893c83,spanish,2,0,2026-04-04T02:44:22.407Z,
JST,cantante,es16ff09c,spanish,1,0,2026-04-04T02:44:26.306Z
JST,abraza,es142b966,spanish,1,0,2026-04-04T02:44:31.157Z
JST,la,es128efc7,spanish,4,0,2026-04-04T12:09:25.714Z,
JST,yo,es101d789,spanish,5,0,2026-04-04T12:09:29.481Z,
JST,te,es19c10d1,spanish,2,0,2026-04-04T12:09:32.598Z,
JST,el,es1f37c06,spanish,2,0,2026-04-04T12:09:35.631Z,
JST,lo,es1f72263,spanish,2,0,2026-04-04T12:09:38.714Z,
JST,tú,es19fe824,spanish,2,0,2026-04-04T12:09:41.498Z,
JST,se,es144d65c,spanish,2,0,2026-04-04T12:09:42.831Z,
JST,crecía,es133d3b7,spanish,1,1,2026-04-04T13:57:03.594Z,2026-04-04T13:57:16.452Z
JST,tragos,es12e1289,spanish,1,0,2026-04-04T13:57:28.260Z
JST,porno,es1b14cfc,spanish,2,0,2026-04-04T14:00:42.033Z
JST,mansión,es1e0a3b0,spanish,1,0,2026-04-04T14:01:32.910Z
JST,cabe,es108a9e2,spanish,0,1,,2026-04-04T14:02:03.399Z
JST,borrar,es1914bf5,spanish,1,0,2026-04-04T14:02:20.522Z
JST,miedo,es14b4fd1,spanish,1,0,2026-04-04T14:03:48.714Z
JST,mano,es12b49e8,spanish,2,1,2026-04-04T14:03:55.083Z,2026-01-25T22:07:07.489Z
JST,to,es1331a48,spanish,0,1,,2026-04-04T14:04:28.747Z
JST,luna,es1a3f435,spanish,0,1,,2026-04-04T21:31:17.662Z
JST,eres,es198fdc0,spanish,2,1,2026-03-01T21:36:20.359Z,2026-04-04T21:31:18.487Z
JST,vamos,es1d02f8f,spanish,1,0,2026-04-05T03:19:42.927Z
JST,dios,es1d0884d,spanish,1,1,2026-04-05T03:25:59.357Z,2026-01-29T20:57:27.757Z
JST,aunque,es1440227,spanish,1,0,2026-04-05T03:26:02.590Z
JST,día,es178e460,spanish,1,0,2026-04-05T03:26:06.390Z
JST,gusta,es1926431,spanish,1,0,2026-04-05T03:26:11.856Z
JST,tiempo,es1be4a00,spanish,2,0,2026-04-05T03:26:14.139Z,
JST,antes,es1856337,spanish,2,1,2026-04-05T03:26:17.606Z,2026-01-29T20:57:31.307Z
JST,su,es1452412,spanish,1,0,2026-04-05T03:26:21.322Z
JST,calle,es147aac2,spanish,1,0,2026-04-05T03:26:23.772Z
JST,para,es1d5e934,spanish,1,0,2026-04-05T03:26:26.391Z
JST,sabes,es188342c,spanish,1,0,2026-04-05T03:26:32.755Z
JST,él,es1a853f0,spanish,1,0,2026-04-05T03:26:35.439Z
JST,arpías,es17af9ef,spanish,1,1,2026-04-05T03:40:08.529Z,2026-04-05T03:40:10.663Z
JST,baboso,es1bf2e2c,spanish,0,1,,2026-04-05T03:40:16.284Z
JST,bacano,es11a3653,spanish,0,1,,2026-04-05T03:40:44.627Z
JST,balada,es19a24ae,spanish,0,1,,2026-04-05T03:40:49.814Z
JST,baqueo,es10f40a1,spanish,0,1,,2026-04-05T03:41:04.660Z
JST,cama,es114a424,spanish,2,0,2026-04-05T03:49:11.025Z,
JST,rico,es113e9cf,spanish,1,1,2026-04-05T04:45:47.432Z,2026-02-01T19:45:24.072Z
JST,sí,es1712565,spanish,1,0,2026-04-05T04:46:18.965Z
JST,mal,es1d67eb7,spanish,1,0,2026-04-05T04:46:22.334Z
JST,les,es11f357f,spanish,1,0,2026-04-05T04:46:42.177Z
JST,dale,es1c3ce5f,spanish,1,0,2026-04-05T04:47:18.391Z
JST,he,es1aafd85,spanish,1,0,2026-04-05T04:47:35.430Z
JST,nada,es16680ce,spanish,2,0,2026-04-05T04:47:47.826Z,
JST,dinero,es1a50f82,spanish,1,0,2026-04-05T04:48:02.406Z
JST,mañana,es1463f28,spanish,1,0,2026-04-05T04:48:44.895Z
JST,también,es1225f81,spanish,1,0,2026-04-05T04:48:48.831Z
JST,ahí,es190778d,spanish,1,0,2026-04-05T04:48:59.938Z
JST,puedo,es138a46b,spanish,1,0,2026-04-05T04:49:11.768Z
JST,morder,es18b3987,spanish,1,0,2026-04-05T05:04:33.637Z
JST,desnudas,es133ad96,spanish,2,0,2026-04-05T05:04:35.753Z,
JST,fue,es1582774,spanish,1,0,2026-02-01T19:42:47.084Z,
JST,para,es16c385a,spanish,1,0,2026-02-01T19:43:28.383Z,
JST,prr,es1e9f6f9,spanish,1,0,2026-02-01T19:45:03.334Z,
JST,huh,es1fd4805,spanish,2,0,2026-02-01T19:45:07.484Z,
JST,llueven,es198198c,spanish,0,1,,2026-02-01T19:45:43.677Z
JST,novio,es14f32d8,spanish,1,0,2026-02-01T19:51:46.449Z,
JST,be,es145ae08,spanish,0,1,,2026-02-01T20:14:12.882Z
JST,perdón,es15039fe,spanish,1,0,2026-02-01T22:57:41.710Z,
JST,plata,es1f0eeea,spanish,1,0,2026-02-01T22:58:07.671Z,
JST,ponga,es1b0cf4a,spanish,0,1,,2026-02-01T22:58:29.369Z
JST,porno,es17c1333,spanish,1,0,2026-02-01T22:58:41.913Z,
JST,prender,es1d1bcdc,spanish,1,0,2026-02-01T22:58:46.850Z,
JST,quite,es1de7dec,spanish,1,0,2026-02-01T22:58:53.639Z,
JST,ra,es1336ee8,spanish,0,1,,2026-02-01T22:58:58.225Z
JST,rapero,es19e2bda,spanish,1,0,2026-02-01T22:59:26.010Z,
JST,revol,es1e5aa4b,spanish,0,1,,2026-02-01T22:59:47.987Z
JST,romeo,es15c171b,spanish,1,0,2026-02-01T22:59:57.760Z,
JST,salte,es12e9dbe,spanish,1,0,2026-02-02T08:29:31.802Z,
JST,salte,es1771942,spanish,1,0,2026-02-02T08:29:35.971Z,
JST,sed,es1f1c056,spanish,1,0,2026-02-02T08:30:22.370Z,
JST,serás,es1be4d06,spanish,1,0,2026-02-02T08:30:54.246Z,
JST,serás,es1dc7f19,spanish,1,0,2026-02-02T08:32:16.215Z,
JST,sesenta,es1b1e4bc,spanish,1,0,2026-02-02T08:32:22.567Z,
JST,she's,es1182b74,spanish,1,0,2026-02-02T08:32:45.496Z,
JST,cardi,es1ca68a9,spanish,1,0,2026-02-02T08:32:58.616Z,
JST,cash,es1618a7c,spanish,1,0,2026-02-02T08:33:00.668Z,
JST,celoso,es1097f89,spanish,2,0,2026-02-02T08:33:20.790Z,
JST,chain,es1ab515f,spanish,1,0,2026-02-02T08:33:58.727Z,
JST,chamaquita,es1a77e62,spanish,1,0,2026-02-02T08:35:19.266Z,
JST,cheese,es16bc1db,spanish,1,0,2026-02-02T08:35:22.685Z,
JST,cita,es1405679,spanish,1,0,2026-02-02T08:35:29.419Z,
JST,cojo,es1e5902b,spanish,1,0,2026-02-02T08:38:05.385Z,
JST,comer,es1c85245,spanish,1,0,2026-02-02T08:38:21.782Z,
JST,compra,es165f2cc,spanish,1,0,2026-02-02T08:38:42.261Z,
JST,acto,es10528b6,spanish,2,0,2026-02-02T23:36:03.297Z,
JST,actore,es15dbb00,spanish,1,0,2026-02-02T23:36:08.909Z,
JST,actually,es1f98186,spanish,0,2,,2026-02-02T23:36:20.859Z
JST,actúa,es11ec415,spanish,1,0,2026-02-02T23:36:35.475Z,
JST,acuerda,es17ba353,spanish,1,0,2026-02-02T23:36:39.961Z,
JST,addition,es18bbfd2,spanish,1,0,2026-02-02T23:36:45.943Z,
JST,adelanta'o,es10a7694,spanish,1,0,2026-02-02T23:36:48.593Z,
JST,adelante,es13d328e,spanish,1,0,2026-02-02T23:36:49.910Z,
JST,adelante,es1ee9c9c,spanish,1,0,2026-02-02T23:36:52.161Z,
JST,adictiva,es1dce699,spanish,1,0,2026-02-02T23:36:54.079Z,
JST,adicto,es16f0904,spanish,1,0,2026-02-02T23:36:57.696Z,
JST,adida,es1de3667,spanish,1,0,2026-02-02T23:37:01.047Z,
JST,expulsen,es103aed0,spanish,1,0,2026-02-03T00:07:05.104Z,
JST,extrañaba,es173d198,spanish,2,0,2026-02-03T00:07:29.940Z,
JST,extrañan,es1b398a7,spanish,1,0,2026-02-03T00:07:36.596Z,
JST,extrañándote,es1a0ef4e,spanish,1,0,2026-02-03T00:07:45.784Z,
JST,exótica,es1e1e2fe,spanish,1,0,2026-02-03T00:07:52.090Z,
JST,facebook,es19d6c69,spanish,1,0,2026-02-03T00:07:56.545Z,
JST,factura,es1be0e38,spanish,1,0,2026-02-03T00:07:59.315Z,
JST,fall,es1ed7b1e,spanish,1,0,2026-02-03T00:08:06.605Z,
JST,fallan,es1d0f03a,spanish,1,0,2026-02-03T00:08:08.825Z,
JST,fallaron,es12100f3,spanish,1,0,2026-02-03T00:08:10.409Z,
JST,por,es1afc6ad,spanish,2,0,2026-02-03T00:08:37.358Z,
JST,las,es1a7a1ed,spanish,1,0,2026-02-03T00:08:43.294Z,
JST,las,es1c37308,spanish,1,0,2026-02-03T00:08:45.463Z,
JST,ya,es17c41d3,spanish,1,0,2026-02-03T00:08:51.485Z,
JST,como,es1e3615e,spanish,1,0,2026-02-03T00:08:53.936Z,
JST,tu,es1973238,spanish,1,0,2026-02-03T00:08:57.355Z,
JST,una,es1b1e33b,spanish,1,0,2026-02-03T00:09:02.173Z,
JST,le,es1d26658,spanish,1,0,2026-02-03T00:09:04.708Z,
JST,e,es1f9b586,spanish,1,0,2026-02-03T00:09:07.226Z,
JST,soy,es1220f5a,spanish,1,0,2026-02-03T00:09:09.893Z,
JST,amazona,es142e188,spanish,1,0,2026-02-03T00:09:53.016Z,
JST,amerite,es1130567,spanish,1,0,2026-02-03T00:09:58.153Z,
JST,amistade,es1d48519,spanish,1,0,2026-02-03T00:10:02.021Z,
JST,amorosa,es154f199,spanish,2,1,2026-02-03T00:10:15.417Z,2026-01-30T09:19:49.973Z
JST,amós,es11cb6dc,spanish,1,0,2026-02-03T00:10:18.334Z,
JST,ancho,es1b67081,spanish,0,1,,2026-02-03T00:10:31.462Z
JST,cuando,es19d9551,spanish,1,0,2026-02-03T00:13:01.452Z,
JST,besamo,es18d1338,spanish,1,0,2026-02-03T09:12:02.779Z,
JST,billetes,es1abf939,spanish,1,0,2026-02-03T09:12:21.499Z,
JST,c'mon,es1ad3f48,spanish,0,1,,2026-02-03T09:12:29.220Z
JST,caile,es1a4e61b,spanish,0,1,,2026-02-03T09:12:47.742Z
JST,campeón,es1a81a63,spanish,2,0,2026-02-03T09:13:07.720Z,
JST,can't,es1659d0e,spanish,0,1,,2026-02-03T09:13:32.385Z
JST,cherry,es13ce1e5,spanish,0,1,,2026-02-03T09:13:39.835Z
JST,club,es14e5267,spanish,1,0,2026-02-03T09:13:46.055Z,
JST,code,es1eb4142,spanish,0,1,,2026-02-03T09:14:03.195Z
JST,colombiana,es1e38fa5,spanish,1,0,2026-02-03T09:14:53.406Z,
JST,competir,es1d6bea6,spanish,1,0,2026-02-03T09:15:10.320Z,
JST,corillo,es140ff65,spanish,0,1,,2026-02-03T09:15:39.518Z
JST,culito,es13b5309,spanish,1,0,2026-02-03T09:16:04.477Z,
JST,diosa,es19945a2,spanish,1,0,2026-02-03T09:16:07.648Z,
JST,quiero,es1fc582c,spanish,1,0,2026-02-04T00:53:47.867Z,
JST,quiero,es1481144,spanish,2,0,2026-02-04T00:53:54.483Z,
JST,qué,es1d86f06,spanish,0,1,,2026-02-04T00:54:48.939Z
JST,las,es1b321bb,spanish,1,2,2026-01-25T22:03:14.771Z,2026-02-08T21:36:27.099Z
JST,seguiste,es10c83eb,spanish,2,0,2026-02-08T23:03:28.621Z,
JST,cuiden,es145b25d,spanish,1,0,2026-02-08T23:02:07.669Z,
JST,herramienta,es111d28d,spanish,0,1,,2026-02-08T23:02:13.270Z
JST,gordito,es10dd678,spanish,1,0,2026-02-08T23:02:16.420Z,
JST,jodí,es17c6d1c,spanish,1,0,2026-02-08T23:02:19.937Z,
JST,da'o,es1f6c0cd,spanish,1,0,2026-02-08T23:03:09.554Z,
JST,terminas,es1b400e1,spanish,1,0,2026-02-08T23:03:22.187Z,
JST,fluir,es178e185,spanish,1,0,2026-02-08T23:03:25.503Z,
JST,conformo,es131d7cc,spanish,0,1,,2026-02-08T23:03:44.654Z
JST,celu,es1bd5009,spanish,0,1,,2026-02-08T23:03:52.453Z
JST,libreta,es136c955,spanish,0,1,,2026-02-08T23:03:55.854Z
JST,prendió,es1fb9842,spanish,1,0,2026-02-08T23:04:04.053Z,
JST,brisa,es1b68a21,spanish,0,1,,2026-02-08T23:04:08.953Z
JST,olla,es17ceecb,spanish,0,1,,2026-02-08T23:04:39.604Z
JST,wey,es1252ac8,spanish,1,0,2026-02-08T23:04:44.687Z,
JST,pasarte,es1bf5e1d,spanish,1,0,2026-02-08T23:04:56.254Z,
JST,prendiendo,es1663eb9,spanish,1,0,2026-02-08T23:04:58.437Z,
JST,loto,es1c36aea,spanish,1,0,2026-02-08T23:05:07.787Z,
JST,aro,es1d5af1c,spanish,0,1,,2026-02-08T23:05:12.487Z
JST,nacen,es17844a4,spanish,1,0,2026-02-08T23:05:15.320Z,
JST,éxtasis,es15ba38c,spanish,1,0,2026-02-08T23:05:17.870Z,
JST,al,es1b78685,spanish,1,0,2026-02-24T08:26:20.922Z,
JST,elefante,es19c71d8,spanish,1,0,2026-01-25T22:00:47.787Z,
JST,demostración,es1ab9076,spanish,1,0,2026-01-25T22:00:50.304Z,
JST,creación,es1a76fec,spanish,1,0,2026-01-25T22:00:52.070Z,
JST,compañia,es1d2b888,spanish,1,0,2026-01-25T22:00:54.237Z,
JST,bata,es116e963,spanish,0,1,,2026-01-25T22:00:58.088Z
JST,bondad,es104fba8,spanish,0,1,,2026-01-25T22:02:00.638Z
JST,avanzada,es14a19b4,spanish,1,0,2026-01-25T22:02:03.987Z,
JST,ancestros,es1de8898,spanish,0,1,,2026-01-25T22:02:10.938Z
JST,puño,es147d87c,spanish,0,1,,2026-01-25T22:02:14.504Z
JST,para,es1fe2347,spanish,1,0,2026-01-25T22:02:57.804Z,
JST,yo,es1a67298,spanish,1,0,2026-01-25T22:03:21.604Z,
JST,pero,es13f8c33,spanish,1,0,2026-01-25T22:03:59.855Z,
JST,te,es1a458f6,spanish,1,0,2026-01-25T22:04:05.255Z,
JST,pequeña,es104cb0b,spanish,2,0,2026-01-26T20:54:31.427Z,
JST,cállate,es118fc11,spanish,0,2,,2026-01-26T20:54:33.910Z
JST,rey,es13c3e9b,spanish,1,0,2026-01-25T22:07:12.057Z,
JST,sucede,es1f1766a,spanish,0,1,,2026-01-25T22:07:15.977Z
JST,muchachos,es17a75fc,spanish,1,0,2026-01-25T22:07:21.158Z,
JST,jamás,es15aedbd,spanish,0,1,,2026-01-25T22:07:25.008Z
JST,cama,es186fab3,spanish,1,0,2026-01-25T22:07:27.659Z,
JST,srta,es121d989,spanish,1,0,2026-01-25T22:07:34.356Z,
JST,acerca,es155a0fd,spanish,0,2,,2026-01-25T22:08:00.307Z
JST,acerca,es12b0ed0,spanish,0,1,,2026-01-25T22:08:05.123Z
JST,cambio,es196f0d3,spanish,1,0,2026-01-25T22:08:07.804Z,
JST,cambio,es17ea1ea,spanish,1,0,2026-01-25T22:08:11.938Z,
JST,falta,es1059a2f,spanish,0,1,,2026-01-25T22:08:16.985Z
JST,falta,es1baebbd,spanish,0,1,,2026-01-25T22:08:23.240Z
JST,hospital,es12166e7,spanish,1,0,2026-01-25T22:08:26.239Z,
JST,lleva,es1d7e08f,spanish,1,0,2026-01-25T22:08:30.253Z,
JST,presidente,es137ead9,spanish,1,0,2026-01-25T22:08:33.619Z,
JST,mil,es1fa1053,spanish,1,0,2026-01-25T22:08:36.204Z,
JST,gusto,es162b79b,spanish,0,1,,2026-01-25T22:08:42.253Z
JST,os,es18f034a,spanish,0,1,,2026-01-25T22:08:45.154Z
JST,general,es1e3c596,spanish,1,0,2026-01-25T22:08:47.734Z,
JST,extraño,es11c62c2,spanish,0,1,,2026-01-25T22:08:52.619Z
JST,extraño,es13ad4a4,spanish,0,1,,2026-01-25T22:09:03.049Z
JST,coche,es1e83fbc,spanish,1,0,2026-01-25T22:09:05.600Z,
JST,medianoche,es1c3a328,spanish,1,0,2026-01-26T20:42:42.393Z,
JST,biblioteca,es1f5c429,spanish,1,0,2026-01-26T20:42:44.644Z,
JST,túnel,es19e1d38,spanish,1,0,2026-01-26T20:42:46.664Z,
JST,insectos,es11dd247,spanish,1,0,2026-01-26T20:43:39.365Z,
JST,imaginado,es114e322,spanish,1,0,2026-01-26T20:43:43.519Z,
JST,envidia,es1fc5a22,spanish,1,0,2026-01-26T20:43:56.675Z,
JST,envidia,es1ccef9c,spanish,1,0,2026-01-26T20:43:58.142Z,
JST,emocionado,es1766a18,spanish,1,0,2026-01-26T20:44:02.177Z,
JST,disposición,es105f483,spanish,1,0,2026-01-26T20:44:04.213Z,
JST,claudia,es18b78d6,spanish,1,0,2026-01-26T20:44:14.771Z,
JST,lógico,es1683826,spanish,1,0,2026-01-26T20:44:17.188Z,
JST,insignificante,es17bdc3b,spanish,1,0,2026-01-26T20:44:19.191Z,
JST,goma,es12b5e3c,spanish,1,0,2026-01-26T20:44:23.896Z,
JST,franco,es1511cd4,spanish,1,0,2026-01-26T20:44:25.764Z,
JST,franco,es1e9eff3,spanish,1,0,2026-01-26T20:44:27.948Z,
JST,chimenea,es1f49cfb,spanish,1,0,2026-01-26T20:44:31.265Z,
JST,sábanas,es11d8ff2,spanish,0,1,,2026-01-26T20:44:34.799Z
JST,polo,es1f4252e,spanish,0,1,,2026-01-26T20:44:36.983Z
JST,perspectiva,es1b50ee9,spanish,0,1,,2026-01-26T20:44:41.284Z
JST,ministerio,es1ba792f,spanish,1,0,2026-01-26T20:44:42.936Z,
JST,gesto,es10ef5b1,spanish,0,1,,2026-01-26T20:44:46.354Z
JST,gesto,es193d36f,spanish,0,1,,2026-01-26T20:44:48.137Z
JST,arabia,es1308518,spanish,1,0,2026-01-26T20:44:51.054Z,
JST,culo,es1266df7,spanish,1,0,2026-01-26T20:50:47.048Z,
JST,pie,es190317d,spanish,1,0,2026-01-26T20:50:48.748Z,
JST,conseguir,es1461d14,spanish,1,0,2026-01-26T20:50:51.648Z,
JST,gracioso,es1465ae7,spanish,1,0,2026-01-26T20:50:52.714Z,
JST,derecha,es136550a,spanish,1,0,2026-01-26T20:50:55.799Z,
JST,izquierda,es191e2d5,spanish,1,0,2026-01-26T20:50:56.583Z,
JST,próxima,es11b2f36,spanish,1,0,2026-01-26T20:50:57.334Z,
JST,pobre,es139ddd3,spanish,1,0,2026-01-26T20:50:58.084Z,
JST,respuesta,es162af5c,spanish,1,0,2026-01-26T20:50:58.869Z,
JST,voz,es1819ad4,spanish,1,0,2026-01-26T20:50:59.636Z,
JST,amiga,es1fe6610,spanish,1,0,2026-01-26T20:51:00.436Z,
JST,vista,es13c2138,spanish,1,0,2026-01-26T20:51:01.221Z,
JST,salvo,es11da544,spanish,1,0,2026-01-26T20:51:02.020Z,
JST,salvo,es1b355ec,spanish,1,0,2026-01-26T20:51:02.754Z,
JST,hotel,es18f16af,spanish,1,0,2026-01-26T20:51:03.555Z,
JST,temo,es19fcbba,spanish,1,0,2026-01-26T20:51:04.272Z,
JST,señal,es114bb04,spanish,1,0,2026-01-26T20:51:05.091Z,
JST,pelo,es161a221,spanish,1,0,2026-01-26T20:51:05.807Z,
JST,pelo,es19ca907,spanish,1,0,2026-01-26T20:51:06.524Z,
JST,ayer,es1e42c96,spanish,1,0,2026-01-26T20:51:07.341Z,
JST,nena,es10881dd,spanish,1,0,2026-01-26T20:51:08.075Z,
JST,servicio,es1e138b7,spanish,1,0,2026-01-26T20:51:08.825Z,
JST,bonito,es17152ed,spanish,1,0,2026-01-26T20:51:10.444Z,
JST,tren,es173d1b4,spanish,1,0,2026-01-26T20:51:09.593Z,
JST,edad,es1839f0a,spanish,1,0,2026-01-26T20:51:11.244Z,
JST,peor,es14ffaad,spanish,1,0,2026-01-26T20:51:23.781Z,
JST,disculpe,es1159eeb,spanish,1,0,2026-01-26T20:51:24.781Z,
JST,anoche,es19d07fd,spanish,1,0,2026-01-26T20:51:25.547Z,
JST,perder,es190d145,spanish,1,0,2026-01-26T20:51:26.499Z,
JST,nave,es16bf897,spanish,1,0,2026-01-26T20:51:27.316Z,
JST,cielo,es1e83329,spanish,1,0,2026-01-26T20:51:28.099Z,
JST,orden,es11e2e56,spanish,1,0,2026-01-26T20:51:28.901Z,
JST,querida,es1960cf1,spanish,1,0,2026-01-26T20:51:29.649Z,
JST,querida,es11b7e9b,spanish,1,0,2026-01-26T20:51:30.384Z,
JST,niña,es12d00c2,spanish,1,0,2026-01-26T20:51:31.084Z,
JST,increíble,es12f0dd5,spanish,1,0,2026-01-26T20:51:31.785Z,
JST,además,es1fdd582,spanish,1,0,2026-01-26T20:51:32.435Z,
JST,libro,es195bf53,spanish,1,0,2026-01-26T20:51:33.002Z,
JST,café,es1a447d1,spanish,1,0,2026-01-26T20:51:34.636Z,
JST,especial,es169e072,spanish,1,0,2026-01-26T20:51:35.204Z,
JST,perfecto,es1f29856,spanish,1,0,2026-01-26T20:51:36.203Z,
JST,calle,es116b3aa,spanish,1,0,2026-01-26T20:51:33.952Z,
JST,odio,es14d7fcb,spanish,1,0,2026-01-26T20:51:36.904Z,
JST,odio,es1699113,spanish,1,0,2026-01-26T20:51:37.588Z,
JST,oficina,es1daba83,spanish,1,0,2026-01-26T20:51:38.288Z,
JST,libre,es125e784,spanish,1,0,2026-01-26T20:51:39.055Z,
JST,agente,es158a0da,spanish,1,0,2026-01-26T20:51:39.822Z,
JST,mala,es1e4fa15,spanish,1,0,2026-01-26T20:51:40.589Z,
JST,detrás,es126e43b,spanish,1,0,2026-01-26T20:51:41.339Z,
JST,real,es1675fd3,spanish,1,0,2026-01-26T20:51:42.491Z,
JST,pequeña,es1f0a7c9,spanish,1,0,2026-01-26T21:15:30.110Z,
JST,cállate,es1bb455c,spanish,1,0,2026-01-26T21:15:31.723Z,
JST,irlandés,es1e3467d,spanish,1,0,2026-01-26T23:30:18.201Z,
JST,as,es1bb07d9,spanish,0,1,,2026-01-26T23:30:23.038Z
JST,voluntario,es1862547,spanish,0,1,,2026-01-26T23:30:25.573Z
JST,vestíbulo,es1f2ff89,spanish,0,1,,2026-01-26T23:30:31.144Z
JST,hacha,es1ec2b54,spanish,0,1,,2026-01-26T23:30:33.963Z
JST,felicito,es10c5446,spanish,0,1,,2026-01-26T23:30:39.284Z
JST,drogado,es15ad55c,spanish,1,0,2026-01-26T23:30:42.470Z,
JST,drogado,es1cd02d8,spanish,1,0,2026-01-26T23:30:45.873Z,
JST,cagar,es19e70e0,spanish,1,0,2026-01-26T23:30:54.209Z,
JST,traducido,es106db87,spanish,1,0,2026-01-26T23:30:55.876Z,
JST,traducido,es16c6997,spanish,1,0,2026-01-26T23:30:57.091Z,
JST,suplico,es1ed4fe6,spanish,0,1,,2026-01-26T23:31:03.262Z
JST,salario,es11f5930,spanish,1,0,2026-01-26T23:31:05.697Z,
JST,lámpara,es1f69817,spanish,1,0,2026-01-27T00:27:59.955Z,
JST,rabia,es139630d,spanish,0,1,,2026-01-27T00:28:07.793Z
JST,famosos,es185d455,spanish,1,0,2026-01-27T00:28:09.727Z,
JST,extraterrestres,es1647c98,spanish,1,0,2026-01-27T00:28:12.647Z,
JST,escotilla,es1d5cdfa,spanish,1,1,2026-01-27T00:28:14.949Z,2026-01-27T00:28:18.552Z
JST,pito,es1b9b453,spanish,0,1,,2026-01-27T00:28:22.390Z
JST,dolió,es18d723a,spanish,1,0,2026-01-27T00:28:27.878Z,
JST,torta,es14b13a5,spanish,1,0,2026-01-27T09:17:36.374Z,
JST,mecanismo,es1797eea,spanish,1,0,2026-01-27T09:17:40.608Z,
JST,similar,es16a7098,spanish,1,0,2026-01-27T09:17:42.474Z,
JST,quedaste,es17edf0a,spanish,1,0,2026-01-27T09:17:45.127Z,
JST,especialista,es194dab5,spanish,1,0,2026-01-27T09:17:46.560Z,
JST,mandaron,es1052c4e,spanish,1,0,2026-01-27T09:17:48.177Z,
JST,hondo,es123c90e,spanish,0,2,,2026-01-27T09:17:56.147Z
JST,crucero,es1868283,spanish,1,1,2026-01-27T09:18:02.600Z,2026-01-27T09:18:06.582Z
JST,haciéndolo,es1f3389b,spanish,1,0,2026-01-27T09:18:30.981Z,
JST,gripe,es16ab585,spanish,1,0,2026-01-27T09:18:36.365Z,
JST,ardiendo,es1a5c402,spanish,1,0,2026-01-27T09:18:39.583Z,
JST,dirigen,es17c54e0,spanish,1,0,2026-01-27T09:18:41.916Z,
JST,diferencias,es16e60b3,spanish,1,0,2026-01-27T09:18:43.317Z,
JST,calibre,es1ec7b23,spanish,1,0,2026-01-27T09:18:45.467Z,
JST,papito,es17a1b66,spanish,1,0,2026-01-27T09:18:48.336Z,
JST,botes,es12e2120,spanish,2,0,2026-01-27T09:19:00.430Z,
JST,borrar,es11d1083,spanish,1,0,2026-01-27T09:19:09.933Z,
JST,oficio,es1dbdd66,spanish,1,0,2026-01-27T09:19:15.478Z,
JST,asquerosa,es127806e,spanish,1,0,2026-01-27T09:19:22.582Z,
JST,apague,es11e3e45,spanish,1,0,2026-01-27T09:19:27.149Z,
JST,ahh,es1dd5742,spanish,1,0,2026-01-27T09:19:29.082Z,
JST,abismo,es177e610,spanish,1,0,2026-01-27T09:19:31.815Z,
JST,toneladas,es10d82f7,spanish,0,1,,2026-01-27T09:19:35.201Z
JST,zoológico,es183c701,spanish,1,0,2026-01-27T09:19:38.217Z,
JST,salvación,es16fe338,spanish,1,0,2026-01-27T09:19:40.586Z,
JST,tobillo,es1b622f7,spanish,0,1,,2026-01-27T09:19:43.553Z
JST,querrán,es1829d48,spanish,0,1,,2026-01-27T09:19:46.019Z
JST,técnico,es14b0417,spanish,1,0,2026-01-27T09:19:48.987Z,
JST,propiedades,es1b6c661,spanish,1,0,2026-01-27T09:19:51.271Z,
JST,permita,es1dcaae1,spanish,1,0,2026-01-27T09:19:54.238Z,
JST,saudita,es10e96a6,spanish,0,1,,2026-01-27T09:19:57.406Z
JST,llevaste,es15a07c1,spanish,1,0,2026-01-27T09:20:01.372Z,
JST,salvador,es17fd043,spanish,1,0,2026-01-27T09:20:04.241Z,
JST,llenas,es1877938,spanish,1,0,2026-01-27T09:20:10.442Z,
JST,invento,es19f90b3,spanish,0,1,,2026-01-27T09:20:17.543Z
JST,vez,es16e6844,spanish,1,0,2026-01-27T23:29:19.055Z,
JST,creo,es1dae3d2,spanish,1,0,2026-01-27T23:29:24.123Z,
JST,acoso,es15c857f,spanish,0,1,,2026-01-28T09:01:34.002Z
JST,acoso,es1724d2a,spanish,0,1,,2026-01-28T09:01:37.795Z
JST,aah,es1c395e9,spanish,1,0,2026-01-28T09:01:39.612Z,
JST,sopla,es13525d6,spanish,1,0,2026-01-28T09:02:10.973Z,
JST,pavos,es15068a1,spanish,1,0,2026-01-28T09:02:17.989Z,
JST,niñez,es1ae4c24,spanish,0,1,,2026-01-28T09:02:26.007Z
JST,leve,es1144bb8,spanish,0,1,,2026-01-28T09:02:43.725Z
JST,lancha,es133175e,spanish,0,1,,2026-01-28T09:02:46.427Z
JST,intenso,es1e684ba,spanish,1,0,2026-01-28T09:02:49.461Z,
JST,existido,es13c7162,spanish,1,0,2026-01-28T09:02:55.394Z,
JST,duende,es1c43521,spanish,0,1,,2026-01-28T09:03:05.038Z
JST,acera,es101bc7b,spanish,0,1,,2026-01-28T09:03:08.757Z
JST,víbora,es1fe6065,spanish,1,0,2026-01-28T09:03:19.343Z,
JST,pésimo,es1587513,spanish,0,1,,2026-01-28T09:03:23.293Z
JST,ojala,es1cd034d,spanish,1,0,2026-01-28T09:03:25.779Z,
JST,naturales,es18e67ac,spanish,1,0,2026-01-28T09:03:31.380Z,
JST,mg,es1cfda19,spanish,1,0,2026-01-28T09:03:40.106Z,
JST,mg,es180e1dc,spanish,1,0,2026-01-28T09:03:51.989Z,
JST,laberinto,es19e67b4,spanish,1,0,2026-01-28T09:04:07.220Z,
JST,halcón,es115f1ff,spanish,0,1,,2026-01-28T09:04:11.407Z
JST,frutas,es1687b61,spanish,1,0,2026-01-28T09:04:13.839Z,
JST,fórmula,es18a5a6a,spanish,1,0,2026-01-28T09:04:17.456Z,
JST,esfera,es16f715a,spanish,0,1,,2026-01-28T09:04:21.884Z
JST,consulta,es1f7307b,spanish,1,0,2026-01-28T09:05:23.534Z,
JST,corresponde,es1db9e4b,spanish,1,0,2026-01-28T09:05:29.687Z,
JST,consulta,es1f41798,spanish,1,0,2026-01-28T09:05:34.324Z,
JST,correctamente,es1b36706,spanish,1,0,2026-01-28T09:05:39.810Z,
JST,sé,es18d8b54,spanish,1,0,2026-01-28T23:28:49.492Z,
JST,habitantes,es1dda74a,spanish,1,0,2026-01-29T00:27:45.788Z,
JST,fluido,es1706607,spanish,1,0,2026-01-29T00:43:09.171Z,
JST,finanzas,es149304a,spanish,1,0,2026-01-29T00:43:12.370Z,
JST,expectativas,es1b93e74,spanish,0,1,,2026-01-29T00:43:17.439Z
JST,estafa,es15abf99,spanish,1,1,2026-01-29T00:43:20.723Z,2026-01-29T00:43:23.090Z
JST,dilema,es1c793aa,spanish,1,0,2026-01-29T00:43:25.508Z,
JST,desconectado,es1ff5ce0,spanish,0,1,,2026-01-29T00:43:31.163Z
JST,sabia,es1bdd600,spanish,1,0,2026-01-29T00:43:56.395Z,
JST,decidido,es160aa61,spanish,1,0,2026-01-29T00:43:58.229Z,
JST,entusiasmo,es1fab32e,spanish,1,0,2026-01-29T08:36:58.408Z,
JST,descifrar,es1dc6da9,spanish,1,0,2026-01-29T08:37:06.289Z,
JST,conocimientos,es1b3da03,spanish,1,0,2026-01-29T08:37:08.373Z,
JST,vulgar,es1e3f9cc,spanish,1,0,2026-01-29T08:37:09.991Z,
JST,viena,es1ab0eee,spanish,1,0,2026-01-29T08:37:13.892Z,
JST,valiosa,es13eff3a,spanish,0,2,,2026-01-29T08:37:37.562Z
JST,pornografía,es1cf1ac1,spanish,1,0,2026-01-29T08:37:24.060Z,
JST,importa,es198f9a6,spanish,1,0,2026-01-29T19:01:31.076Z,
JST,tarde,es1acc6e0,spanish,1,0,2026-01-29T19:01:32.758Z,
JST,oye,es1ae64d8,spanish,1,0,2026-01-29T19:01:34.758Z,
JST,siento,es1eab8e8,spanish,0,1,,2026-01-29T20:57:07.134Z
JST,desapareció,es1967994,spanish,0,1,,2026-01-29T21:13:30.967Z
JST,empleo,es1870047,spanish,1,0,2026-01-29T21:13:32.111Z,
JST,trabajo,es1196e6a,spanish,1,0,2026-01-29T22:02:04.389Z,
JST,puedo,es13fa069,spanish,1,0,2026-01-29T22:10:28.880Z,
JST,quiero,es13406c1,spanish,1,0,2026-01-29T22:10:31.549Z,
JST,cosas,es1ce5f5f,spanish,2,0,2026-01-30T09:14:24.715Z,
JST,cosas,es14d1bed,spanish,1,0,2026-01-30T09:14:25.732Z,
JST,mis,es16c18e0,spanish,1,0,2026-01-30T09:14:28.952Z,
JST,parece,es1c24249,spanish,1,0,2026-01-30T09:14:34.023Z,
JST,investigador,es1e199ff,spanish,1,0,2026-01-30T09:14:46.911Z,
JST,fan,es1759e97,spanish,1,0,2026-01-30T09:14:58.277Z,
JST,controles,es1244545,spanish,1,0,2026-01-30T09:15:05.010Z,
JST,choque,es1a112eb,spanish,1,0,2026-01-30T09:15:09.427Z,
JST,celos,es17c2092,spanish,0,1,,2026-01-30T09:15:16.908Z
JST,transmisor,es16cfb3c,spanish,0,1,,2026-01-30T09:15:26.211Z
JST,servido,es1996882,spanish,1,0,2026-01-30T09:15:33.378Z,
JST,salchichas,es1835046,spanish,0,1,,2026-01-30T09:15:37.294Z
JST,récord,es1e05c36,spanish,1,0,2026-01-30T09:15:46.425Z,
JST,raíces,es184a134,spanish,0,1,,2026-01-30T09:16:14.495Z
JST,oficinas,es189a38d,spanish,1,0,2026-01-30T09:16:15.962Z,
JST,neo,es16ae3fa,spanish,1,0,2026-01-30T09:16:19.946Z,
JST,neo,es1014705,spanish,0,1,,2026-01-30T09:16:29.599Z
JST,navegar,es1a40f87,spanish,0,1,,2026-01-30T09:16:34.366Z
JST,porfavor,es12e1ef4,spanish,1,0,2026-01-30T09:17:34.116Z,
JST,valientes,es1205377,spanish,1,0,2026-01-30T09:17:43.056Z,
JST,muñeco,es1ca8490,spanish,1,0,2026-01-30T09:17:47.941Z,
JST,navaja,es16a0c38,spanish,0,1,,2026-01-30T09:17:39.938Z
JST,manchas,es1f5b4f2,spanish,1,0,2026-01-30T09:17:52.929Z,
JST,cosmos,es1af09ce,spanish,1,0,2026-01-30T09:17:55.548Z,
JST,milord,es16de19f,spanish,1,0,2026-01-30T09:17:50.544Z,
JST,conservar,es105d180,spanish,1,0,2026-01-30T09:18:01.019Z,
JST,alivio,es175ddb9,spanish,1,1,2026-01-30T09:18:19.307Z,2026-01-30T09:18:21.823Z
JST,matemáticas,es12cd28b,spanish,1,0,2026-01-30T09:18:23.874Z,
JST,ida,es11b1850,spanish,0,1,,2026-01-30T09:18:27.341Z
JST,torres,es1aa8b53,spanish,1,0,2026-01-30T09:18:28.891Z,
JST,seda,es1584aee,spanish,1,0,2026-01-30T09:18:32.343Z,
JST,ataúd,es1b87ba3,spanish,0,1,,2026-01-30T09:19:35.702Z
JST,antena,es1d8ffc9,spanish,1,0,2026-01-30T09:19:37.264Z,
JST,anciana,es1c3cd3a,spanish,0,1,,2026-01-30T09:19:40.650Z
JST,espera,es15cfbdc,spanish,1,0,2026-01-30T09:54:37.315Z,
JST,tus,es10a0cc1,spanish,1,0,2026-01-30T09:54:38.865Z,
JST,todos,es1826a38,spanish,1,0,2026-01-31T20:25:27.084Z,
JST,toma,es1f747a0,spanish,0,1,,2026-02-01T19:33:31.324Z
JST,entiendo,es135040d,spanish,1,0,2026-02-01T19:33:39.053Z,
JST,horas,es18d13ac,spanish,1,0,2026-02-01T19:33:42.652Z,
JST,personas,es15a7701,spanish,1,0,2026-02-01T19:33:46.035Z,
JST,nuestra,es1c255ba,spanish,1,0,2026-03-01T21:47:18.740Z,
